{
	"name": "sdk",
	"version": "1.36.5",
	"buildTimestamp": "201603210920",
	"scmRevision": "63f6758b0d18f971d451cad2a3ddcd7c135734f5",
	"gav": "com.sap.openui5.dist:sdk:1.36.5:war",
	"libraries": [
		{
			"name": "sap.ui.core",
			"version": "1.36.5",
			"buildTimestamp": "201603210920",
			"scmRevision": "63f6758b0d18f971d451cad2a3ddcd7c135734f5",
			"gav": "com.sap.ui5:core:1.36.5:jar"
		},
		{
			"name": "sap.m",
			"version": "1.36.5",
			"buildTimestamp": "201603210920",
			"scmRevision": "63f6758b0d18f971d451cad2a3ddcd7c135734f5",
			"gav": "com.sap.ui5:mobile:1.36.5:jar"
		},
		{
			"name": "sap.tnt",
			"version": "1.36.5",
			"buildTimestamp": "201603210920",
			"scmRevision": "63f6758b0d18f971d451cad2a3ddcd7c135734f5",
			"gav": "com.sap.ui5:tnt:1.36.5:jar"
		},
		{
			"name": "sap.ui.commons",
			"version": "1.36.5",
			"buildTimestamp": "201603210920",
			"scmRevision": "63f6758b0d18f971d451cad2a3ddcd7c135734f5",
			"gav": "com.sap.ui5:commons:1.36.5:jar"
		},
		{
			"name": "sap.ui.demokit",
			"version": "1.36.5",
			"buildTimestamp": "201603210920",
			"scmRevision": "63f6758b0d18f971d451cad2a3ddcd7c135734f5",
			"gav": "com.sap.ui5:demokit-uilib:1.36.5:jar"
		},
		{
			"name": "sap.ui.dt",
			"version": "1.36.5",
			"buildTimestamp": "201603210920",
			"scmRevision": "63f6758b0d18f971d451cad2a3ddcd7c135734f5",
			"gav": "com.sap.ui5:dt:1.36.5:jar"
		},
		{
			"name": "sap.ui.layout",
			"version": "1.36.5",
			"buildTimestamp": "201603210920",
			"scmRevision": "63f6758b0d18f971d451cad2a3ddcd7c135734f5",
			"gav": "com.sap.ui5:layout:1.36.5:jar"
		},
		{
			"name": "sap.ui.server.java",
			"version": "1.36.5",
			"buildTimestamp": "201603210920",
			"scmRevision": "63f6758b0d18f971d451cad2a3ddcd7c135734f5",
			"gav": "com.sap.ui5:resource:1.36.5:jar"
		},
		{
			"name": "sap.ui.suite",
			"version": "1.36.5",
			"buildTimestamp": "201603210920",
			"scmRevision": "63f6758b0d18f971d451cad2a3ddcd7c135734f5",
			"gav": "com.sap.ui5:suite:1.36.5:jar"
		},
		{
			"name": "sap.ui.table",
			"version": "1.36.5",
			"buildTimestamp": "201603210920",
			"scmRevision": "63f6758b0d18f971d451cad2a3ddcd7c135734f5",
			"gav": "com.sap.ui5:table:1.36.5:jar"
		},
		{
			"name": "sap.ui.unified",
			"version": "1.36.5",
			"buildTimestamp": "201603210920",
			"scmRevision": "63f6758b0d18f971d451cad2a3ddcd7c135734f5",
			"gav": "com.sap.ui5:unified:1.36.5:jar"
		},
		{
			"name": "sap.ui.ux3",
			"version": "1.36.5",
			"buildTimestamp": "201603210920",
			"scmRevision": "63f6758b0d18f971d451cad2a3ddcd7c135734f5",
			"gav": "com.sap.ui5:ux3:1.36.5:jar"
		},
		{
			"name": "sap.uxap",
			"version": "1.36.5",
			"buildTimestamp": "201603210920",
			"scmRevision": "63f6758b0d18f971d451cad2a3ddcd7c135734f5",
			"gav": "com.sap.uxap:uxap-uilib:1.36.5:jar"
		},
		{
			"name": "themelib_sap_bluecrystal",
			"version": "1.36.5",
			"buildTimestamp": "201603210920",
			"scmRevision": "63f6758b0d18f971d451cad2a3ddcd7c135734f5",
			"gav": "com.sap.ui5:themelib_sap_bluecrystal:1.36.5:jar"
		},
		{
			"name": "themelib_sap_goldreflection",
			"version": "1.36.5",
			"buildTimestamp": "201603210920",
			"scmRevision": "63f6758b0d18f971d451cad2a3ddcd7c135734f5",
			"gav": "com.sap.ui5:themelib_sap_goldreflection:1.36.5:jar"
		}
	]
}