{
  "modules" : [
    {
      "name" : "sap/m/ActionListItem.js",
      "description" : "Provides control sap.m.ActionListItem.",
      "size" : 2434,
      "compressedSize" : 687,
      "required" : ["jquery.sap.global.js", "sap/m/ListItemBase.js", "sap/m/library.js", "sap/ui/core/EnabledPropagator.js"],
      "includes" : []
    },
    {
      "name" : "sap/m/ActionListItemRenderer.js",
      "description" : "! SAP UI development toolkit for HTML5 (SAPUI5/OpenUI5) (c) Copyright 2009-2015 SAP SE or an SAP affiliate company. Licensed under the Apache License, Version 2.0 - see LICENSE.txt.",
      "size" : 1273,
      "compressedSize" : 537,
      "required" : ["jquery.sap.global.js", "sap/m/ListItemBaseRenderer.js", "sap/ui/core/Renderer.js"],
      "includes" : []
    },
    {
      "name" : "sap/m/ActionSelect.js",
      "description" : "Provides control sap.m.ActionSelect.",
      "size" : 6578,
      "compressedSize" : 2102,
      "required" : ["jquery.sap.global.js", "sap/m/Select.js", "sap/m/library.js"],
      "includes" : []
    },
    {
      "name" : "sap/m/ActionSelectRenderer.js",
      "description" : "! SAP UI development toolkit for HTML5 (SAPUI5/OpenUI5) (c) Copyright 2009-2015 SAP SE or an SAP affiliate company. Licensed under the Apache License, Version 2.0 - see LICENSE.txt.",
      "size" : 1121,
      "compressedSize" : 427,
      "required" : ["jquery.sap.global.js", "sap/ui/core/Renderer.js", "sap/m/SelectRenderer.js"],
      "includes" : []
    },
    {
      "name" : "sap/m/ActionSheet.js",
      "description" : "Provides control sap.m.ActionSheet.",
      "size" : 19160,
      "compressedSize" : 8789,
      "required" : ["jquery.sap.global.js", "sap/m/Dialog.js", "sap/m/Popover.js", "sap/m/library.js", "sap/ui/core/Control.js", "sap/ui/core/delegate/ItemNavigation.js"],
      "includes" : []
    },
    {
      "name" : "sap/m/ActionSheetRenderer.js",
      "description" : "! SAP UI development toolkit for HTML5 (SAPUI5/OpenUI5) (c) Copyright 2009-2015 SAP SE or an SAP affiliate company. Licensed under the Apache License, Version 2.0 - see LICENSE.txt.",
      "size" : 1782,
      "compressedSize" : 868,
      "required" : ["jquery.sap.global.js"],
      "includes" : []
    },
    {
      "name" : "sap/m/App.js",
      "description" : "Provides control sap.m.App.",
      "size" : 7567,
      "compressedSize" : 2291,
      "required" : ["jquery.sap.global.js", "sap/m/NavContainer.js", "sap/m/library.js"],
      "includes" : []
    },
    {
      "name" : "sap/m/AppRenderer.js",
      "description" : "! SAP UI development toolkit for HTML5 (SAPUI5/OpenUI5) (c) Copyright 2009-2015 SAP SE or an SAP affiliate company. Licensed under the Apache License, Version 2.0 - see LICENSE.txt.",
      "size" : 955,
      "compressedSize" : 662,
      "required" : ["jquery.sap.global.js", "sap/m/NavContainerRenderer.js", "sap/ui/core/Renderer.js"],
      "includes" : []
    },
    {
      "name" : "sap/m/Bar.js",
      "description" : "Provides control sap.m.Bar.",
      "size" : 13733,
      "compressedSize" : 4779,
      "required" : ["jquery.sap.global.js", "sap/m/BarInPageEnabler.js", "sap/m/library.js", "sap/ui/core/Control.js"],
      "includes" : []
    },
    {
      "name" : "sap/m/BarInPageEnabler.js",
      "description" : "Provides helper sap.m.BarInPageEnabler",
      "size" : 5020,
      "compressedSize" : 2154,
      "required" : ["sap/ui/base/Object.js", "jquery.sap.global.js"],
      "includes" : []
    },
    {
      "name" : "sap/m/BarRenderer.js",
      "description" : "! SAP UI development toolkit for HTML5 (SAPUI5/OpenUI5) (c) Copyright 2009-2015 SAP SE or an SAP affiliate company. Licensed under the Apache License, Version 2.0 - see LICENSE.txt.",
      "size" : 4858,
      "compressedSize" : 2061,
      "required" : ["jquery.sap.global.js", "sap/m/BarInPageEnabler.js"],
      "includes" : []
    },
    {
      "name" : "sap/m/BusyDialog.js",
      "description" : "Provides control sap.m.BusyDialog.",
      "size" : 13169,
      "compressedSize" : 7112,
      "required" : ["jquery.sap.global.js", "sap/m/library.js", "sap/ui/core/Control.js", "sap/ui/core/Popup.js", "sap/ui/core/theming/Parameters.js"],
      "includes" : []
    },
    {
      "name" : "sap/m/BusyDialogRenderer.js",
      "description" : "! SAP UI development toolkit for HTML5 (SAPUI5/OpenUI5) (c) Copyright 2009-2015 SAP SE or an SAP affiliate company. Licensed under the Apache License, Version 2.0 - see LICENSE.txt.",
      "size" : 2008,
      "compressedSize" : 1109,
      "required" : ["jquery.sap.global.js"],
      "includes" : []
    },
    {
      "name" : "sap/m/BusyIndicator.js",
      "description" : "Provides control sap.m.BusyIndicator.",
      "size" : 14082,
      "compressedSize" : 7190,
      "required" : ["jquery.sap.global.js", "sap/m/library.js", "sap/ui/core/Control.js", "sap/ui/core/theming/Parameters.js"],
      "includes" : []
    },
    {
      "name" : "sap/m/BusyIndicatorRenderer.js",
      "description" : "! SAP UI development toolkit for HTML5 (SAPUI5/OpenUI5) (c) Copyright 2009-2015 SAP SE or an SAP affiliate company. Licensed under the Apache License, Version 2.0 - see LICENSE.txt.",
      "size" : 3153,
      "compressedSize" : 1817,
      "required" : ["jquery.sap.global.js"],
      "includes" : []
    },
    {
      "name" : "sap/m/Button.js",
      "description" : "Provides control sap.m.Button.",
      "size" : 20698,
      "compressedSize" : 9072,
      "required" : ["jquery.sap.global.js", "sap/m/library.js", "sap/ui/core/Control.js", "sap/ui/core/EnabledPropagator.js", "sap/ui/core/IconPool.js", "sap/ui/core/theming/Parameters.js"],
      "includes" : []
    },
    {
      "name" : "sap/m/ButtonRenderer.js",
      "description" : "! SAP UI development toolkit for HTML5 (SAPUI5/OpenUI5) (c) Copyright 2009-2015 SAP SE or an SAP affiliate company. Licensed under the Apache License, Version 2.0 - see LICENSE.txt.",
      "size" : 7057,
      "compressedSize" : 3386,
      "required" : ["jquery.sap.global.js"],
      "includes" : []
    },
    {
      "name" : "sap/m/Carousel.js",
      "description" : "Provides control sap.m.Carousel.",
      "size" : 32168,
      "compressedSize" : 12779,
      "required" : ["jquery.sap.global.js", "sap/m/library.js", "sap/ui/core/Control.js", "sap/ui/thirdparty/mobify-carousel.js"],
      "includes" : []
    },
    {
      "name" : "sap/m/CarouselRenderer.js",
      "description" : "! SAP UI development toolkit for HTML5 (SAPUI5/OpenUI5) (c) Copyright 2009-2015 SAP SE or an SAP affiliate company. Licensed under the Apache License, Version 2.0 - see LICENSE.txt.",
      "size" : 4248,
      "compressedSize" : 2191,
      "required" : ["jquery.sap.global.js"],
      "includes" : []
    },
    {
      "name" : "sap/m/CheckBox.js",
      "description" : "Provides control sap.m.CheckBox.",
      "size" : 7946,
      "compressedSize" : 3545,
      "required" : ["jquery.sap.global.js", "sap/m/Label.js", "sap/m/library.js", "sap/ui/core/Control.js", "sap/ui/core/EnabledPropagator.js"],
      "includes" : []
    },
    {
      "name" : "sap/m/CheckBoxRenderer.js",
      "description" : "! SAP UI development toolkit for HTML5 (SAPUI5/OpenUI5) (c) Copyright 2009-2015 SAP SE or an SAP affiliate company. Licensed under the Apache License, Version 2.0 - see LICENSE.txt.",
      "size" : 2834,
      "compressedSize" : 1488,
      "required" : ["jquery.sap.global.js", "sap/ui/core/ValueStateSupport.js"],
      "includes" : []
    },
    {
      "name" : "sap/m/Column.js",
      "description" : "Provides control sap.m.Column.",
      "size" : 19275,
      "compressedSize" : 7349,
      "required" : ["jquery.sap.global.js", "sap/m/library.js", "sap/ui/core/Element.js", "sap/ui/core/Renderer.js"],
      "includes" : []
    },
    {
      "name" : "sap/m/ColumnListItem.js",
      "description" : "Provides control sap.m.ColumnListItem.",
      "size" : 7836,
      "compressedSize" : 2987,
      "required" : ["jquery.sap.global.js", "sap/m/ListItemBase.js", "sap/m/library.js"],
      "includes" : []
    },
    {
      "name" : "sap/m/ColumnListItemRenderer.js",
      "description" : "! SAP UI development toolkit for HTML5 (SAPUI5/OpenUI5) (c) Copyright 2009-2015 SAP SE or an SAP affiliate company. Licensed under the Apache License, Version 2.0 - see LICENSE.txt.",
      "size" : 7993,
      "compressedSize" : 3941,
      "required" : ["jquery.sap.global.js", "sap/m/ListItemBaseRenderer.js", "sap/m/ListRenderer.js", "sap/ui/core/Renderer.js"],
      "includes" : []
    },
    {
      "name" : "sap/m/ComboBox.js",
      "description" : "Provides control sap.m.ComboBox.",
      "size" : 36035,
      "compressedSize" : 12409,
      "required" : ["jquery.sap.global.js", "sap/m/ComboBoxBase.js", "sap/m/ComboBoxRenderer.js", "sap/m/library.js"],
      "includes" : []
    },
    {
      "name" : "sap/m/ComboBoxBase.js",
      "description" : "Provides control sap.m.ComboBoxBase.",
      "size" : 25193,
      "compressedSize" : 6881,
      "required" : ["jquery.sap.global.js", "sap/m/Bar.js", "sap/m/ComboBoxBaseRenderer.js", "sap/m/Dialog.js", "sap/m/InputBase.js", "sap/m/List.js", "sap/m/Popover.js", "sap/m/library.js", "sap/ui/core/EnabledPropagator.js", "sap/ui/core/IconPool.js"],
      "includes" : []
    },
    {
      "name" : "sap/m/ComboBoxBaseRenderer.js",
      "description" : "! SAP UI development toolkit for HTML5 (SAPUI5/OpenUI5) (c) Copyright 2009-2015 SAP SE or an SAP affiliate company. Licensed under the Apache License, Version 2.0 - see LICENSE.txt.",
      "size" : 5129,
      "compressedSize" : 1417,
      "required" : ["jquery.sap.global.js", "sap/m/InputBaseRenderer.js", "sap/ui/core/Renderer.js"],
      "includes" : []
    },
    {
      "name" : "sap/m/ComboBoxRenderer.js",
      "description" : "! SAP UI development toolkit for HTML5 (SAPUI5/OpenUI5) (c) Copyright 2009-2015 SAP SE or an SAP affiliate company. Licensed under the Apache License, Version 2.0 - see LICENSE.txt.",
      "size" : 2505,
      "compressedSize" : 915,
      "required" : ["jquery.sap.global.js", "sap/m/ComboBoxBaseRenderer.js", "sap/ui/core/Renderer.js"],
      "includes" : []
    },
    {
      "name" : "sap/m/CustomListItem.js",
      "description" : "Provides control sap.m.CustomListItem.",
      "size" : 1613,
      "compressedSize" : 515,
      "required" : ["jquery.sap.global.js", "sap/m/ListItemBase.js", "sap/m/library.js"],
      "includes" : []
    },
    {
      "name" : "sap/m/CustomListItemRenderer.js",
      "description" : "! SAP UI development toolkit for HTML5 (SAPUI5/OpenUI5) (c) Copyright 2009-2015 SAP SE or an SAP affiliate company. Licensed under the Apache License, Version 2.0 - see LICENSE.txt.",
      "size" : 1258,
      "compressedSize" : 519,
      "required" : ["jquery.sap.global.js", "sap/m/ListItemBaseRenderer.js", "sap/ui/core/Renderer.js"],
      "includes" : []
    },
    {
      "name" : "sap/m/CustomTile.js",
      "description" : "Provides control sap.m.CustomTile.",
      "size" : 1294,
      "compressedSize" : 461,
      "required" : ["jquery.sap.global.js", "sap/m/Tile.js", "sap/m/library.js"],
      "includes" : []
    },
    {
      "name" : "sap/m/CustomTileRenderer.js",
      "description" : "! SAP UI development toolkit for HTML5 (SAPUI5/OpenUI5) (c) Copyright 2009-2015 SAP SE or an SAP affiliate company. Licensed under the Apache License, Version 2.0 - see LICENSE.txt.",
      "size" : 1703,
      "compressedSize" : 920,
      "required" : ["jquery.sap.global.js", "sap/m/TileRenderer.js"],
      "includes" : []
    },
    {
      "name" : "sap/m/DatePicker.js",
      "description" : "Provides control sap.m.DatePicker.",
      "size" : 23637,
      "compressedSize" : 11273,
      "required" : ["jquery.sap.global.js", "sap/m/InputBase.js", "sap/m/library.js", "sap/ui/model/type/Date.js"],
      "includes" : []
    },
    {
      "name" : "sap/m/DatePickerRenderer.js",
      "description" : "! SAP UI development toolkit for HTML5 (SAPUI5/OpenUI5) (c) Copyright 2009-2015 SAP SE or an SAP affiliate company. Licensed under the Apache License, Version 2.0 - see LICENSE.txt.",
      "size" : 3866,
      "compressedSize" : 1603,
      "required" : ["jquery.sap.global.js", "sap/ui/core/Renderer.js", "sap/m/InputBaseRenderer.js"],
      "includes" : []
    },
    {
      "name" : "sap/m/DateRangeSelection.js",
      "description" : "Provides control sap.m.DateRangeSelection.",
      "size" : 21512,
      "compressedSize" : 8562,
      "required" : ["jquery.sap.global.js", "sap/m/DatePicker.js", "sap/m/library.js"],
      "includes" : []
    },
    {
      "name" : "sap/m/DateRangeSelectionRenderer.js",
      "description" : "! SAP UI development toolkit for HTML5 (SAPUI5/OpenUI5) (c) Copyright 2009-2015 SAP SE or an SAP affiliate company. Licensed under the Apache License, Version 2.0 - see LICENSE.txt.",
      "size" : 1023,
      "compressedSize" : 467,
      "required" : ["jquery.sap.global.js", "sap/ui/core/Renderer.js", "sap/m/DatePickerRenderer.js"],
      "includes" : []
    },
    {
      "name" : "sap/m/DateTimeInput.js",
      "description" : "Provides control sap.m.DateTimeInput.",
      "size" : 29712,
      "compressedSize" : 12673,
      "required" : ["jquery.sap.global.js", "sap/m/InputBase.js", "sap/m/InstanceManager.js", "sap/m/library.js", "sap/ui/core/IconPool.js", "sap/ui/core/theming/Parameters.js", "sap/ui/model/type/Date.js", "sap/ui/thirdparty/mobiscroll/js/mobiscroll-core.js", "sap/ui/thirdparty/mobiscroll/js/mobiscroll-datetime.js", "sap/ui/thirdparty/mobiscroll/js/mobiscroll-scroller.js"],
      "includes" : []
    },
    {
      "name" : "sap/m/DateTimeInputRenderer.js",
      "description" : "! SAP UI development toolkit for HTML5 (SAPUI5/OpenUI5) (c) Copyright 2009-2015 SAP SE or an SAP affiliate company. Licensed under the Apache License, Version 2.0 - see LICENSE.txt.",
      "size" : 1823,
      "compressedSize" : 561,
      "required" : ["jquery.sap.global.js", "sap/ui/core/Renderer.js", "sap/m/InputBaseRenderer.js"],
      "includes" : []
    },
    {
      "name" : "sap/m/Dialog.js",
      "description" : "Provides control sap.m.Dialog.",
      "size" : 55149,
      "compressedSize" : 23353,
      "required" : ["jquery.sap.global.js", "sap/m/Bar.js", "sap/m/InstanceManager.js", "sap/m/Toolbar.js", "sap/m/ToolbarSpacer.js", "sap/m/library.js", "sap/ui/core/Control.js", "sap/ui/core/IconPool.js", "sap/ui/core/Popup.js", "sap/ui/core/delegate/ScrollEnablement.js", "sap/ui/core/theming/Parameters.js"],
      "includes" : []
    },
    {
      "name" : "sap/m/DialogRenderer.js",
      "description" : "! SAP UI development toolkit for HTML5 (SAPUI5/OpenUI5) (c) Copyright 2009-2015 SAP SE or an SAP affiliate company. Licensed under the Apache License, Version 2.0 - see LICENSE.txt.",
      "size" : 4834,
      "compressedSize" : 2636,
      "required" : ["jquery.sap.global.js", "sap/m/BarRenderer.js"],
      "includes" : []
    },
    {
      "name" : "sap/m/DisplayListItem.js",
      "description" : "Provides control sap.m.DisplayListItem.",
      "size" : 1663,
      "compressedSize" : 617,
      "required" : ["jquery.sap.global.js", "sap/m/ListItemBase.js", "sap/m/library.js"],
      "includes" : []
    },
    {
      "name" : "sap/m/DisplayListItemRenderer.js",
      "description" : "! SAP UI development toolkit for HTML5 (SAPUI5/OpenUI5) (c) Copyright 2009-2015 SAP SE or an SAP affiliate company. Licensed under the Apache License, Version 2.0 - see LICENSE.txt.",
      "size" : 1734,
      "compressedSize" : 842,
      "required" : ["jquery.sap.global.js", "sap/m/ListItemBaseRenderer.js", "sap/ui/core/Renderer.js"],
      "includes" : []
    },
    {
      "name" : "sap/m/FacetFilter.js",
      "description" : "Provides control sap.m.FacetFilter.",
      "size" : 62718,
      "compressedSize" : 28085,
      "required" : ["jquery.sap.global.js", "sap/m/NavContainer.js", "sap/m/library.js", "sap/ui/core/Control.js", "sap/ui/core/IconPool.js", "sap/ui/core/delegate/ItemNavigation.js"],
      "includes" : []
    },
    {
      "name" : "sap/m/FacetFilterItem.js",
      "description" : "Provides control sap.m.FacetFilterItem.",
      "size" : 2253,
      "compressedSize" : 838,
      "required" : ["jquery.sap.global.js", "sap/m/ListItemBase.js", "sap/m/library.js"],
      "includes" : []
    },
    {
      "name" : "sap/m/FacetFilterItemRenderer.js",
      "description" : "@copyright",
      "size" : 1031,
      "compressedSize" : 410,
      "required" : ["jquery.sap.global.js", "sap/m/ListItemBaseRenderer.js", "sap/ui/core/Renderer.js"],
      "includes" : []
    },
    {
      "name" : "sap/m/FacetFilterList.js",
      "description" : "Provides control sap.m.FacetFilterList.",
      "size" : 22878,
      "compressedSize" : 8119,
      "required" : ["jquery.sap.global.js", "sap/m/List.js", "sap/m/library.js"],
      "includes" : []
    },
    {
      "name" : "sap/m/FacetFilterListRenderer.js",
      "description" : "! SAP UI development toolkit for HTML5 (SAPUI5/OpenUI5) (c) Copyright 2009-2015 SAP SE or an SAP affiliate company. Licensed under the Apache License, Version 2.0 - see LICENSE.txt.",
      "size" : 605,
      "compressedSize" : 338,
      "required" : ["jquery.sap.global.js", "sap/m/ListRenderer.js", "sap/ui/core/Renderer.js"],
      "includes" : []
    },
    {
      "name" : "sap/m/FacetFilterRenderer.js",
      "description" : "@copyright",
      "size" : 3661,
      "compressedSize" : 1551,
      "required" : ["jquery.sap.global.js"],
      "includes" : []
    },
    {
      "name" : "sap/m/FeedInput.js",
      "description" : "Provides control sap.m.FeedInput.",
      "size" : 8325,
      "compressedSize" : 3609,
      "required" : ["jquery.sap.global.js", "sap/m/library.js", "sap/ui/core/Control.js", "sap/ui/core/HTML.js", "sap/ui/core/IconPool.js"],
      "includes" : []
    },
    {
      "name" : "sap/m/FeedInputRenderer.js",
      "description" : "! SAP UI development toolkit for HTML5 (SAPUI5/OpenUI5) (c) Copyright 2009-2015 SAP SE or an SAP affiliate company. Licensed under the Apache License, Version 2.0 - see LICENSE.txt.",
      "size" : 1700,
      "compressedSize" : 966,
      "required" : ["jquery.sap.global.js"],
      "includes" : []
    },
    {
      "name" : "sap/m/FeedListItem.js",
      "description" : "Provides control sap.m.FeedListItem.",
      "size" : 11979,
      "compressedSize" : 5057,
      "required" : ["jquery.sap.global.js", "sap/m/ListItemBase.js", "sap/m/library.js"],
      "includes" : []
    },
    {
      "name" : "sap/m/FeedListItemRenderer.js",
      "description" : "Provides default renderer for the sap.m.FeedListItem",
      "size" : 6999,
      "compressedSize" : 3851,
      "required" : ["jquery.sap.global.js", "sap/m/ListItemBaseRenderer.js", "sap/ui/core/Renderer.js"],
      "includes" : []
    },
    {
      "name" : "sap/m/FlexBox.js",
      "description" : "Provides control sap.m.FlexBox.",
      "size" : 8589,
      "compressedSize" : 3944,
      "required" : ["jquery.sap.global.js", "sap/m/FlexBoxStylingHelper.js", "sap/m/library.js", "sap/ui/core/Control.js"],
      "includes" : []
    },
    {
      "name" : "sap/m/FlexBoxCssPropertyMap.js",
      "description" : "! SAP UI development toolkit for HTML5 (SAPUI5/OpenUI5) (c) Copyright 2009-2015 SAP SE or an SAP affiliate company. Licensed under the Apache License, Version 2.0 - see LICENSE.txt.",
      "size" : 3657,
      "compressedSize" : 2549,
      "required" : ["jquery.sap.global.js"],
      "includes" : []
    },
    {
      "name" : "sap/m/FlexBoxRenderer.js",
      "description" : "! SAP UI development toolkit for HTML5 (SAPUI5/OpenUI5) (c) Copyright 2009-2015 SAP SE or an SAP affiliate company. Licensed under the Apache License, Version 2.0 - see LICENSE.txt.",
      "size" : 4608,
      "compressedSize" : 2386,
      "required" : ["jquery.sap.global.js", "sap/m/FlexBoxStylingHelper.js"],
      "includes" : []
    },
    {
      "name" : "sap/m/FlexBoxStylingHelper.js",
      "description" : "! SAP UI development toolkit for HTML5 (SAPUI5/OpenUI5) (c) Copyright 2009-2015 SAP SE or an SAP affiliate company. Licensed under the Apache License, Version 2.0 - see LICENSE.txt.",
      "size" : 11910,
      "compressedSize" : 3453,
      "required" : ["jquery.sap.global.js", "sap/m/FlexBoxCssPropertyMap.js"],
      "includes" : []
    },
    {
      "name" : "sap/m/FlexItemData.js",
      "description" : "Provides control sap.m.FlexItemData.",
      "size" : 3472,
      "compressedSize" : 1222,
      "required" : ["jquery.sap.global.js", "sap/m/FlexBoxStylingHelper.js", "sap/m/library.js", "sap/ui/core/LayoutData.js"],
      "includes" : []
    },
    {
      "name" : "sap/m/GroupHeaderListItem.js",
      "description" : "Provides control sap.m.GroupHeaderListItem.",
      "size" : 3331,
      "compressedSize" : 1126,
      "required" : ["jquery.sap.global.js", "sap/m/ListItemBase.js", "sap/m/library.js"],
      "includes" : []
    },
    {
      "name" : "sap/m/GroupHeaderListItemRenderer.js",
      "description" : "! SAP UI development toolkit for HTML5 (SAPUI5/OpenUI5) (c) Copyright 2009-2015 SAP SE or an SAP affiliate company. Licensed under the Apache License, Version 2.0 - see LICENSE.txt.",
      "size" : 3585,
      "compressedSize" : 1569,
      "required" : ["jquery.sap.global.js", "sap/m/ListItemBaseRenderer.js", "sap/ui/core/Renderer.js"],
      "includes" : []
    },
    {
      "name" : "sap/m/GrowingEnablement.js",
      "description" : "Provides class sap.m.GrowingEnablement",
      "size" : 26258,
      "compressedSize" : 12271,
      "required" : ["jquery.sap.global.js", "sap/ui/base/Object.js"],
      "includes" : []
    },
    {
      "name" : "sap/m/GrowingList.js",
      "description" : "Provides control sap.m.GrowingList.",
      "size" : 3554,
      "compressedSize" : 1120,
      "required" : ["jquery.sap.global.js", "sap/m/List.js", "sap/m/library.js"],
      "includes" : []
    },
    {
      "name" : "sap/m/GrowingListRenderer.js",
      "description" : "! SAP UI development toolkit for HTML5 (SAPUI5/OpenUI5) (c) Copyright 2009-2015 SAP SE or an SAP affiliate company. Licensed under the Apache License, Version 2.0 - see LICENSE.txt.",
      "size" : 1081,
      "compressedSize" : 592,
      "required" : ["jquery.sap.global.js", "sap/m/ListRenderer.js", "sap/ui/core/Renderer.js"],
      "includes" : []
    },
    {
      "name" : "sap/m/HBox.js",
      "description" : "Provides control sap.m.HBox.",
      "size" : 1205,
      "compressedSize" : 362,
      "required" : ["jquery.sap.global.js", "sap/m/FlexBox.js", "sap/m/library.js"],
      "includes" : []
    },
    {
      "name" : "sap/m/HBoxRenderer.js",
      "description" : "! SAP UI development toolkit for HTML5 (SAPUI5/OpenUI5) (c) Copyright 2009-2015 SAP SE or an SAP affiliate company. Licensed under the Apache License, Version 2.0 - see LICENSE.txt.",
      "size" : 878,
      "compressedSize" : 359,
      "required" : ["jquery.sap.global.js", "sap/m/FlexBoxRenderer.js"],
      "includes" : []
    },
    {
      "name" : "sap/m/IconTabBar.js",
      "description" : "Provides control sap.m.IconTabBar.",
      "size" : 16627,
      "compressedSize" : 5597,
      "required" : ["jquery.sap.global.js", "sap/m/library.js", "sap/ui/core/Control.js"],
      "includes" : []
    },
    {
      "name" : "sap/m/IconTabBarRenderer.js",
      "description" : "! SAP UI development toolkit for HTML5 (SAPUI5/OpenUI5) (c) Copyright 2009-2015 SAP SE or an SAP affiliate company. Licensed under the Apache License, Version 2.0 - see LICENSE.txt.",
      "size" : 2780,
      "compressedSize" : 1398,
      "required" : ["jquery.sap.global.js", "sap/ui/core/IconPool.js"],
      "includes" : []
    },
    {
      "name" : "sap/m/IconTabFilter.js",
      "description" : "Provides control sap.m.IconTabFilter.",
      "size" : 5991,
      "compressedSize" : 2209,
      "required" : ["jquery.sap.global.js", "sap/m/library.js", "sap/ui/core/Item.js"],
      "includes" : []
    },
    {
      "name" : "sap/m/IconTabHeader.js",
      "description" : "Provides control sap.m.IconTabHeader.",
      "size" : 33533,
      "compressedSize" : 15197,
      "required" : ["jquery.sap.global.js", "sap/m/library.js", "sap/ui/core/Control.js", "sap/ui/core/EnabledPropagator.js", "sap/ui/core/delegate/ItemNavigation.js"],
      "includes" : []
    },
    {
      "name" : "sap/m/IconTabHeaderRenderer.js",
      "description" : "! SAP UI development toolkit for HTML5 (SAPUI5/OpenUI5) (c) Copyright 2009-2015 SAP SE or an SAP affiliate company. Licensed under the Apache License, Version 2.0 - see LICENSE.txt.",
      "size" : 7239,
      "compressedSize" : 4242,
      "required" : ["jquery.sap.global.js", "sap/ui/core/IconPool.js"],
      "includes" : []
    },
    {
      "name" : "sap/m/IconTabSeparator.js",
      "description" : "Provides control sap.m.IconTabSeparator.",
      "size" : 2643,
      "compressedSize" : 965,
      "required" : ["jquery.sap.global.js", "sap/m/library.js", "sap/ui/core/Element.js"],
      "includes" : []
    },
    {
      "name" : "sap/m/Image.js",
      "description" : "Provides control sap.m.Image.",
      "size" : 13584,
      "compressedSize" : 4320,
      "required" : ["jquery.sap.global.js", "sap/m/library.js", "sap/ui/core/Control.js"],
      "includes" : []
    },
    {
      "name" : "sap/m/ImageRenderer.js",
      "description" : "Provides default renderer for control sap.m.Image",
      "size" : 2792,
      "compressedSize" : 1256,
      "required" : ["jquery.sap.global.js"],
      "includes" : []
    },
    {
      "name" : "sap/m/Input.js",
      "description" : "Provides control sap.m.Input.",
      "size" : 57790,
      "compressedSize" : 24497,
      "required" : ["jquery.sap.global.js", "sap/m/Bar.js", "sap/m/Dialog.js", "sap/m/InputBase.js", "sap/m/List.js", "sap/m/Popover.js", "sap/m/StandardListItem.js", "sap/m/Table.js", "sap/m/Toolbar.js", "sap/m/ToolbarSpacer.js", "sap/m/library.js", "sap/ui/core/IconPool.js", "jquery.sap.strings.js"],
      "includes" : []
    },
    {
      "name" : "sap/m/InputBase.js",
      "description" : "Provides control sap.m.InputBase.",
      "size" : 27268,
      "compressedSize" : 9458,
      "required" : ["jquery.sap.global.js", "sap/m/library.js", "sap/ui/core/Control.js", "sap/ui/core/EnabledPropagator.js", "sap/ui/core/IconPool.js", "sap/ui/core/Popup.js"],
      "includes" : []
    },
    {
      "name" : "sap/m/InputBaseRenderer.js",
      "description" : "! SAP UI development toolkit for HTML5 (SAPUI5/OpenUI5) (c) Copyright 2009-2015 SAP SE or an SAP affiliate company. Licensed under the Apache License, Version 2.0 - see LICENSE.txt.",
      "size" : 11043,
      "compressedSize" : 3368,
      "required" : ["jquery.sap.global.js", "sap/ui/core/Renderer.js", "sap/ui/core/ValueStateSupport.js"],
      "includes" : []
    },
    {
      "name" : "sap/m/InputListItem.js",
      "description" : "Provides control sap.m.InputListItem.",
      "size" : 1463,
      "compressedSize" : 580,
      "required" : ["jquery.sap.global.js", "sap/m/ListItemBase.js", "sap/m/library.js"],
      "includes" : []
    },
    {
      "name" : "sap/m/InputListItemRenderer.js",
      "description" : "! SAP UI development toolkit for HTML5 (SAPUI5/OpenUI5) (c) Copyright 2009-2015 SAP SE or an SAP affiliate company. Licensed under the Apache License, Version 2.0 - see LICENSE.txt.",
      "size" : 1570,
      "compressedSize" : 728,
      "required" : ["jquery.sap.global.js", "sap/m/ListItemBaseRenderer.js", "sap/ui/core/Renderer.js"],
      "includes" : []
    },
    {
      "name" : "sap/m/InputRenderer.js",
      "description" : "! SAP UI development toolkit for HTML5 (SAPUI5/OpenUI5) (c) Copyright 2009-2015 SAP SE or an SAP affiliate company. Licensed under the Apache License, Version 2.0 - see LICENSE.txt.",
      "size" : 4884,
      "compressedSize" : 1816,
      "required" : ["jquery.sap.global.js", "sap/ui/core/Renderer.js", "sap/m/InputBaseRenderer.js"],
      "includes" : []
    },
    {
      "name" : "sap/m/InstanceManager.js",
      "description" : "Provides class sap.m.InstanceManager",
      "size" : 11382,
      "compressedSize" : 2192,
      "required" : ["jquery.sap.global.js"],
      "includes" : []
    },
    {
      "name" : "sap/m/Label.js",
      "description" : "Provides control sap.m.Label.",
      "size" : 3384,
      "compressedSize" : 1476,
      "required" : ["jquery.sap.global.js", "sap/m/library.js", "sap/ui/core/Control.js", "sap/ui/core/LabelEnablement.js"],
      "includes" : []
    },
    {
      "name" : "sap/m/LabelRenderer.js",
      "description" : "! SAP UI development toolkit for HTML5 (SAPUI5/OpenUI5) (c) Copyright 2009-2015 SAP SE or an SAP affiliate company. Licensed under the Apache License, Version 2.0 - see LICENSE.txt.",
      "size" : 2694,
      "compressedSize" : 1361,
      "required" : ["jquery.sap.global.js", "sap/ui/core/Renderer.js"],
      "includes" : []
    },
    {
      "name" : "sap/m/Link.js",
      "description" : "Provides control sap.m.Link.",
      "size" : 9519,
      "compressedSize" : 3942,
      "required" : ["jquery.sap.global.js", "sap/m/library.js", "sap/ui/core/Control.js", "sap/ui/core/EnabledPropagator.js"],
      "includes" : []
    },
    {
      "name" : "sap/m/LinkRenderer.js",
      "description" : "! SAP UI development toolkit for HTML5 (SAPUI5/OpenUI5) (c) Copyright 2009-2015 SAP SE or an SAP affiliate company. Licensed under the Apache License, Version 2.0 - see LICENSE.txt.",
      "size" : 3195,
      "compressedSize" : 1719,
      "required" : ["jquery.sap.global.js", "sap/ui/core/Renderer.js"],
      "includes" : []
    },
    {
      "name" : "sap/m/List.js",
      "description" : "Provides control sap.m.List.",
      "size" : 2944,
      "compressedSize" : 1137,
      "required" : ["jquery.sap.global.js", "sap/m/ListBase.js", "sap/m/library.js"],
      "includes" : []
    },
    {
      "name" : "sap/m/ListBase.js",
      "description" : "Provides control sap.m.ListBase.",
      "size" : 55450,
      "compressedSize" : 23761,
      "required" : ["jquery.sap.global.js", "sap/m/GroupHeaderListItem.js", "sap/m/library.js", "sap/ui/core/Control.js", "sap/ui/core/delegate/ItemNavigation.js", "sap/ui/core/theming/Parameters.js"],
      "includes" : []
    },
    {
      "name" : "sap/m/ListBaseRenderer.js",
      "description" : "! SAP UI development toolkit for HTML5 (SAPUI5/OpenUI5) (c) Copyright 2009-2015 SAP SE or an SAP affiliate company. Licensed under the Apache License, Version 2.0 - see LICENSE.txt.",
      "size" : 8790,
      "compressedSize" : 3578,
      "required" : ["jquery.sap.global.js", "sap/ui/core/theming/Parameters.js"],
      "includes" : []
    },
    {
      "name" : "sap/m/ListItemBase.js",
      "description" : "Provides control sap.m.ListItemBase.",
      "size" : 22129,
      "compressedSize" : 9982,
      "required" : ["jquery.sap.global.js", "sap/m/library.js", "sap/ui/core/Control.js"],
      "includes" : []
    },
    {
      "name" : "sap/m/ListItemBaseRenderer.js",
      "description" : "! SAP UI development toolkit for HTML5 (SAPUI5/OpenUI5) (c) Copyright 2009-2015 SAP SE or an SAP affiliate company. Licensed under the Apache License, Version 2.0 - see LICENSE.txt.",
      "size" : 11813,
      "compressedSize" : 4608,
      "required" : ["jquery.sap.global.js", "sap/ui/core/IconPool.js", "sap/ui/core/theming/Parameters.js"],
      "includes" : []
    },
    {
      "name" : "sap/m/ListRenderer.js",
      "description" : "! SAP UI development toolkit for HTML5 (SAPUI5/OpenUI5) (c) Copyright 2009-2015 SAP SE or an SAP affiliate company. Licensed under the Apache License, Version 2.0 - see LICENSE.txt.",
      "size" : 1637,
      "compressedSize" : 733,
      "required" : ["jquery.sap.global.js", "sap/ui/core/Renderer.js", "sap/m/ListBaseRenderer.js"],
      "includes" : []
    },
    {
      "name" : "sap/m/MessageBox.js",
      "description" : "Provides class sap.m.MessageBox",
      "size" : 22623,
      "compressedSize" : 4602,
      "required" : ["jquery.sap.global.js", "sap/m/Button.js", "sap/m/Dialog.js", "sap/m/Text.js", "sap/ui/core/IconPool.js", "sap/ui/core/theming/Parameters.js"],
      "includes" : []
    },
    {
      "name" : "sap/m/MessagePage.js",
      "description" : "Provides control sap.m.MessagePage.",
      "size" : 8911,
      "compressedSize" : 4298,
      "required" : ["jquery.sap.global.js", "sap/m/library.js", "sap/ui/core/Control.js", "sap/ui/core/IconPool.js"],
      "includes" : []
    },
    {
      "name" : "sap/m/MessagePageRenderer.js",
      "description" : "Provides default renderer for control sap.m.MessagePage",
      "size" : 1144,
      "compressedSize" : 469,
      "required" : ["jquery.sap.global.js"],
      "includes" : []
    },
    {
      "name" : "sap/m/MessagePopover.js",
      "description" : "Provides control sap.m.MessagePopover.",
      "size" : 25821,
      "compressedSize" : 11759,
      "required" : ["jquery.sap.global.js", "sap/m/ResponsivePopover.js", "sap/m/Button.js", "sap/m/Toolbar.js", "sap/m/ToolbarSpacer.js", "sap/m/List.js", "sap/m/StandardListItem.js", "sap/m/library.js", "sap/ui/core/Control.js", "sap/m/PlacementType.js", "sap/ui/core/IconPool.js", "sap/ui/core/HTML.js", "sap/ui/core/Icon.js", "sap/m/SegmentedButton.js", "sap/m/Page.js", "sap/m/NavContainer.js"],
      "includes" : []
    },
    {
      "name" : "sap/m/MessagePopoverItem.js",
      "description" : "Provides control sap.m.MessagePopoverItem.",
      "size" : 1622,
      "compressedSize" : 572,
      "required" : ["jquery.sap.global.js", "sap/m/library.js", "sap/ui/core/Item.js"],
      "includes" : []
    },
    {
      "name" : "sap/m/MessagePopoverRenderer.js",
      "description" : "! SAP UI development toolkit for HTML5 (SAPUI5/OpenUI5) (c) Copyright 2009-2015 SAP SE or an SAP affiliate company. Licensed under the Apache License, Version 2.0 - see LICENSE.txt.",
      "size" : 832,
      "compressedSize" : 310,
      "required" : ["jquery.sap.global.js"],
      "includes" : []
    },
    {
      "name" : "sap/m/MessageToast.js",
      "description" : "! SAP UI development toolkit for HTML5 (SAPUI5/OpenUI5) (c) Copyright 2009-2015 SAP SE or an SAP affiliate company. Licensed under the Apache License, Version 2.0 - see LICENSE.txt.",
      "size" : 16747,
      "compressedSize" : 6227,
      "required" : ["jquery.sap.global.js", "sap/m/InstanceManager.js", "sap/ui/core/Popup.js"],
      "includes" : []
    },
    {
      "name" : "sap/m/MultiComboBox.js",
      "description" : "Provides control sap.m.MultiComboBox.",
      "size" : 62633,
      "compressedSize" : 27430,
      "required" : ["jquery.sap.global.js", "sap/m/Bar.js", "sap/m/ComboBoxBase.js", "sap/m/Dialog.js", "sap/m/List.js", "sap/m/MultiComboBoxRenderer.js", "sap/m/Popover.js", "sap/m/library.js", "sap/ui/core/EnabledPropagator.js", "sap/ui/core/IconPool.js", "jquery.sap.xml.js"],
      "includes" : []
    },
    {
      "name" : "sap/m/MultiComboBoxRenderer.js",
      "description" : "! SAP UI development toolkit for HTML5 (SAPUI5/OpenUI5) (c) Copyright 2009-2015 SAP SE or an SAP affiliate company. Licensed under the Apache License, Version 2.0 - see LICENSE.txt.",
      "size" : 2620,
      "compressedSize" : 1139,
      "required" : ["jquery.sap.global.js", "sap/m/InputBaseRenderer.js", "sap/ui/core/Renderer.js", "sap/ui/core/ValueStateSupport.js"],
      "includes" : []
    },
    {
      "name" : "sap/m/MultiInput.js",
      "description" : "Provides control sap.m.MultiInput.",
      "size" : 34754,
      "compressedSize" : 16254,
      "required" : ["jquery.sap.global.js", "sap/m/Input.js", "sap/m/Token.js", "sap/m/library.js", "sap/ui/core/Item.js"],
      "includes" : []
    },
    {
      "name" : "sap/m/MultiInputRenderer.js",
      "description" : "! SAP UI development toolkit for HTML5 (SAPUI5/OpenUI5) (c) Copyright 2009-2015 SAP SE or an SAP affiliate company. Licensed under the Apache License, Version 2.0 - see LICENSE.txt.",
      "size" : 2330,
      "compressedSize" : 1479,
      "required" : ["jquery.sap.global.js", "sap/m/InputRenderer.js", "sap/ui/core/Renderer.js"],
      "includes" : []
    },
    {
      "name" : "sap/m/NavContainer.js",
      "description" : "Provides control sap.m.NavContainer.",
      "size" : 74841,
      "compressedSize" : 22182,
      "required" : ["jquery.sap.global.js", "sap/m/library.js", "sap/ui/core/Control.js", "sap/ui/core/PopupSupport.js"],
      "includes" : []
    },
    {
      "name" : "sap/m/NavContainerRenderer.js",
      "description" : "! SAP UI development toolkit for HTML5 (SAPUI5/OpenUI5) (c) Copyright 2009-2015 SAP SE or an SAP affiliate company. Licensed under the Apache License, Version 2.0 - see LICENSE.txt.",
      "size" : 1954,
      "compressedSize" : 851,
      "required" : ["jquery.sap.global.js"],
      "includes" : []
    },
    {
      "name" : "sap/m/ObjectAttribute.js",
      "description" : "Provides control sap.m.ObjectAttribute.",
      "size" : 5072,
      "compressedSize" : 2026,
      "required" : ["jquery.sap.global.js", "sap/m/library.js", "sap/ui/core/Control.js"],
      "includes" : []
    },
    {
      "name" : "sap/m/ObjectAttributeRenderer.js",
      "description" : "@copyright",
      "size" : 2265,
      "compressedSize" : 1241,
      "required" : ["jquery.sap.global.js"],
      "includes" : []
    },
    {
      "name" : "sap/m/ObjectHeader.js",
      "description" : "Provides control sap.m.ObjectHeader.",
      "size" : 27929,
      "compressedSize" : 12784,
      "required" : ["jquery.sap.global.js", "sap/m/library.js", "sap/ui/core/Control.js", "sap/ui/core/IconPool.js"],
      "includes" : []
    },
    {
      "name" : "sap/m/ObjectHeaderRenderer.js",
      "description" : "@copyright",
      "size" : 46063,
      "compressedSize" : 17899,
      "required" : ["jquery.sap.global.js", "sap/ui/core/IconPool.js"],
      "includes" : []
    },
    {
      "name" : "sap/m/ObjectIdentifier.js",
      "description" : "Provides control sap.m.ObjectIdentifier.",
      "size" : 10950,
      "compressedSize" : 4466,
      "required" : ["jquery.sap.global.js", "sap/m/library.js", "sap/ui/core/Control.js", "sap/ui/core/IconPool.js"],
      "includes" : []
    },
    {
      "name" : "sap/m/ObjectIdentifierRenderer.js",
      "description" : "! SAP UI development toolkit for HTML5 (SAPUI5/OpenUI5) (c) Copyright 2009-2015 SAP SE or an SAP affiliate company. Licensed under the Apache License, Version 2.0 - see LICENSE.txt.",
      "size" : 3041,
      "compressedSize" : 1688,
      "required" : ["jquery.sap.global.js"],
      "includes" : []
    },
    {
      "name" : "sap/m/ObjectListItem.js",
      "description" : "Provides control sap.m.ObjectListItem.",
      "size" : 10227,
      "compressedSize" : 4544,
      "required" : ["jquery.sap.global.js", "sap/m/ListItemBase.js", "sap/m/library.js", "sap/ui/core/IconPool.js"],
      "includes" : []
    },
    {
      "name" : "sap/m/ObjectListItemRenderer.js",
      "description" : "! SAP UI development toolkit for HTML5 (SAPUI5/OpenUI5) (c) Copyright 2009-2015 SAP SE or an SAP affiliate company. Licensed under the Apache License, Version 2.0 - see LICENSE.txt.",
      "size" : 7616,
      "compressedSize" : 3718,
      "required" : ["jquery.sap.global.js", "sap/m/ListItemBaseRenderer.js", "sap/ui/core/Renderer.js"],
      "includes" : []
    },
    {
      "name" : "sap/m/ObjectNumber.js",
      "description" : "Provides control sap.m.ObjectNumber.",
      "size" : 4152,
      "compressedSize" : 1446,
      "required" : ["jquery.sap.global.js", "sap/m/library.js", "sap/ui/core/Control.js"],
      "includes" : []
    },
    {
      "name" : "sap/m/ObjectNumberRenderer.js",
      "description" : "@copyright",
      "size" : 3696,
      "compressedSize" : 1737,
      "required" : ["jquery.sap.global.js", "sap/ui/core/Renderer.js"],
      "includes" : []
    },
    {
      "name" : "sap/m/ObjectStatus.js",
      "description" : "Provides control sap.m.ObjectStatus.",
      "size" : 4675,
      "compressedSize" : 1857,
      "required" : ["jquery.sap.global.js", "sap/m/library.js", "sap/ui/core/Control.js", "sap/ui/core/IconPool.js"],
      "includes" : []
    },
    {
      "name" : "sap/m/ObjectStatusRenderer.js",
      "description" : "! SAP UI development toolkit for HTML5 (SAPUI5/OpenUI5) (c) Copyright 2009-2015 SAP SE or an SAP affiliate company. Licensed under the Apache License, Version 2.0 - see LICENSE.txt.",
      "size" : 2817,
      "compressedSize" : 1540,
      "required" : ["jquery.sap.global.js", "sap/ui/core/ValueStateSupport.js"],
      "includes" : []
    },
    {
      "name" : "sap/m/OverflowToolbar.js",
      "description" : "Provides control sap.m.OverflowToolbar.",
      "size" : 23760,
      "compressedSize" : 9012,
      "required" : ["jquery.sap.global.js", "sap/m/library.js", "sap/m/Button.js", "sap/m/Label.js", "sap/m/Toolbar.js", "sap/m/ToolbarSpacer.js", "sap/m/OverflowToolbarAssociativeActionSheet.js", "sap/m/OverflowToolbarLayoutData.js"],
      "includes" : []
    },
    {
      "name" : "sap/m/OverflowToolbarAssociativeActionSheet.js",
      "description" : "Provides control sap.m.OverflowToolbarHelpers._OverflowToolbarAssociativeActionSheet.",
      "size" : 7229,
      "compressedSize" : 2952,
      "required" : ["jquery.sap.global.js", "sap/m/Dialog.js", "sap/m/Popover.js", "sap/m/library.js", "sap/ui/core/Control.js", "sap/ui/core/delegate/ItemNavigation.js", "sap/m/ActionSheet.js", "sap/m/ActionSheetRenderer.js"],
      "includes" : []
    },
    {
      "name" : "sap/m/OverflowToolbarButton.js",
      "description" : "Provides control sap.m.OverflowToolbarHelpers._OverflowToolbarButton.",
      "size" : 1600,
      "compressedSize" : 467,
      "required" : ["sap/m/Button.js", "sap/m/ButtonRenderer.js", "jquery.sap.global.js"],
      "includes" : []
    },
    {
      "name" : "sap/m/OverflowToolbarLayoutData.js",
      "description" : "Provides control sap.m.OverflowToolbarLayoutData.",
      "size" : 1428,
      "compressedSize" : 459,
      "required" : ["sap/m/ToolbarLayoutData.js", "jquery.sap.global.js"],
      "includes" : []
    },
    {
      "name" : "sap/m/OverflowToolbarRenderer.js",
      "description" : "! SAP UI development toolkit for HTML5 (SAPUI5/OpenUI5) (c) Copyright 2009-2015 SAP SE or an SAP affiliate company. Licensed under the Apache License, Version 2.0 - see LICENSE.txt.",
      "size" : 1214,
      "compressedSize" : 709,
      "required" : ["sap/ui/core/Renderer.js", "sap/m/ToolbarRenderer.js", "jquery.sap.global.js"],
      "includes" : []
    },
    {
      "name" : "sap/m/P13nColumnsItem.js",
      "description" : "Provides control sap.m.P13nColumnsItem.",
      "size" : 1857,
      "compressedSize" : 549,
      "required" : ["jquery.sap.global.js", "sap/m/library.js", "sap/ui/core/Item.js"],
      "includes" : []
    },
    {
      "name" : "sap/m/P13nColumnsPanel.js",
      "description" : "Provides control sap.m.P13nColumnsPanel.",
      "size" : 55965,
      "compressedSize" : 21214,
      "required" : ["jquery.sap.global.js", "sap/m/ColumnListItem.js", "sap/m/P13nPanel.js", "sap/m/P13nColumnsItem.js", "sap/m/SearchField.js", "sap/m/Table.js", "sap/m/library.js", "sap/ui/core/Control.js"],
      "includes" : []
    },
    {
      "name" : "sap/m/P13nColumnsPanelRenderer.js",
      "description" : "! SAP UI development toolkit for HTML5 (SAPUI5/OpenUI5) (c) Copyright 2009-2015 SAP SE or an SAP affiliate company. Licensed under the Apache License, Version 2.0 - see LICENSE.txt.",
      "size" : 1124,
      "compressedSize" : 497,
      "required" : ["jquery.sap.global.js"],
      "includes" : []
    },
    {
      "name" : "sap/m/P13nConditionPanel.js",
      "description" : "Provides control sap.m.P13nConditionPanel.",
      "size" : 64503,
      "compressedSize" : 28959,
      "required" : ["jquery.sap.global.js", "sap/m/library.js", "sap/ui/core/Control.js", "sap/ui/core/format/DateFormat.js", "sap/ui/core/format/NumberFormat.js"],
      "includes" : []
    },
    {
      "name" : "sap/m/P13nConditionPanelRenderer.js",
      "description" : "! SAP UI development toolkit for HTML5 (SAPUI5/OpenUI5) (c) Copyright 2009-2015 SAP SE or an SAP affiliate company. Licensed under the Apache License, Version 2.0 - see LICENSE.txt.",
      "size" : 1430,
      "compressedSize" : 685,
      "required" : ["jquery.sap.global.js"],
      "includes" : []
    },
    {
      "name" : "sap/m/P13nDialog.js",
      "description" : "Provides control sap.m.P13nDialog.",
      "size" : 16082,
      "compressedSize" : 7431,
      "required" : ["jquery.sap.global.js", "sap/m/Dialog.js", "sap/m/IconTabBar.js", "sap/m/IconTabFilter.js", "sap/m/P13nDialogRenderer.js", "sap/m/library.js", "sap/ui/core/EnabledPropagator.js", "jquery.sap.xml.js"],
      "includes" : []
    },
    {
      "name" : "sap/m/P13nDialogRenderer.js",
      "description" : "! SAP UI development toolkit for HTML5 (SAPUI5/OpenUI5) (c) Copyright 2009-2015 SAP SE or an SAP affiliate company. Licensed under the Apache License, Version 2.0 - see LICENSE.txt.",
      "size" : 1030,
      "compressedSize" : 583,
      "required" : ["jquery.sap.global.js", "sap/ui/core/Renderer.js", "sap/m/DialogRenderer.js"],
      "includes" : []
    },
    {
      "name" : "sap/m/P13nFilterItem.js",
      "description" : "Provides control sap.m.P13nFilterItem.",
      "size" : 1862,
      "compressedSize" : 672,
      "required" : ["jquery.sap.global.js", "sap/m/library.js", "sap/ui/core/Item.js"],
      "includes" : []
    },
    {
      "name" : "sap/m/P13nFilterPanel.js",
      "description" : "Provides control sap.m.P13nFilterPanel.",
      "size" : 16416,
      "compressedSize" : 9282,
      "required" : ["jquery.sap.global.js", "sap/m/P13nConditionPanel.js", "sap/m/P13nPanel.js", "sap/m/library.js", "sap/ui/core/Control.js"],
      "includes" : []
    },
    {
      "name" : "sap/m/P13nFilterPanelRenderer.js",
      "description" : "! SAP UI development toolkit for HTML5 (SAPUI5/OpenUI5) (c) Copyright 2009-2015 SAP SE or an SAP affiliate company. Licensed under the Apache License, Version 2.0 - see LICENSE.txt.",
      "size" : 1505,
      "compressedSize" : 676,
      "required" : ["jquery.sap.global.js"],
      "includes" : []
    },
    {
      "name" : "sap/m/P13nGroupItem.js",
      "description" : "Provides control sap.m.P13nGroupItem.",
      "size" : 1534,
      "compressedSize" : 569,
      "required" : ["jquery.sap.global.js", "sap/m/library.js", "sap/ui/core/Item.js"],
      "includes" : []
    },
    {
      "name" : "sap/m/P13nGroupPanel.js",
      "description" : "Provides control sap.m.P13nGroupPanel.",
      "size" : 8705,
      "compressedSize" : 4450,
      "required" : ["jquery.sap.global.js", "sap/m/P13nConditionPanel.js", "sap/m/P13nPanel.js", "sap/m/library.js", "sap/ui/core/Control.js"],
      "includes" : []
    },
    {
      "name" : "sap/m/P13nGroupPanelRenderer.js",
      "description" : "! SAP UI development toolkit for HTML5 (SAPUI5/OpenUI5) (c) Copyright 2009-2015 SAP SE or an SAP affiliate company. Licensed under the Apache License, Version 2.0 - see LICENSE.txt.",
      "size" : 1498,
      "compressedSize" : 673,
      "required" : ["jquery.sap.global.js"],
      "includes" : []
    },
    {
      "name" : "sap/m/P13nItem.js",
      "description" : "Provides control sap.m.P13nItem.",
      "size" : 2964,
      "compressedSize" : 885,
      "required" : ["jquery.sap.global.js", "sap/m/library.js", "sap/ui/core/Element.js"],
      "includes" : []
    },
    {
      "name" : "sap/m/P13nPanel.js",
      "description" : "Provides control sap.m.P13nPanel.",
      "size" : 3225,
      "compressedSize" : 1023,
      "required" : ["jquery.sap.global.js", "sap/m/library.js", "sap/ui/core/Control.js"],
      "includes" : []
    },
    {
      "name" : "sap/m/P13nPanelRenderer.js",
      "description" : "! SAP UI development toolkit for HTML5 (SAPUI5/OpenUI5) (c) Copyright 2009-2015 SAP SE or an SAP affiliate company. Licensed under the Apache License, Version 2.0 - see LICENSE.txt.",
      "size" : 1042,
      "compressedSize" : 426,
      "required" : ["jquery.sap.global.js"],
      "includes" : []
    },
    {
      "name" : "sap/m/P13nSortItem.js",
      "description" : "Provides control sap.m.P13nSortItem.",
      "size" : 1335,
      "compressedSize" : 505,
      "required" : ["jquery.sap.global.js", "sap/m/library.js", "sap/ui/core/Item.js"],
      "includes" : []
    },
    {
      "name" : "sap/m/P13nSortPanel.js",
      "description" : "Provides control sap.m.P13nSortPanel.",
      "size" : 8158,
      "compressedSize" : 4156,
      "required" : ["jquery.sap.global.js", "sap/m/P13nConditionPanel.js", "sap/m/P13nPanel.js", "sap/m/library.js", "sap/ui/core/Control.js"],
      "includes" : []
    },
    {
      "name" : "sap/m/P13nSortPanelRenderer.js",
      "description" : "! SAP UI development toolkit for HTML5 (SAPUI5/OpenUI5) (c) Copyright 2009-2015 SAP SE or an SAP affiliate company. Licensed under the Apache License, Version 2.0 - see LICENSE.txt.",
      "size" : 1586,
      "compressedSize" : 698,
      "required" : ["jquery.sap.global.js"],
      "includes" : []
    },
    {
      "name" : "sap/m/Page.js",
      "description" : "Provides control sap.m.Page.",
      "size" : 15687,
      "compressedSize" : 6780,
      "required" : ["jquery.sap.global.js", "sap/m/library.js", "sap/ui/core/Control.js"],
      "includes" : []
    },
    {
      "name" : "sap/m/PageRenderer.js",
      "description" : "! SAP UI development toolkit for HTML5 (SAPUI5/OpenUI5) (c) Copyright 2009-2015 SAP SE or an SAP affiliate company. Licensed under the Apache License, Version 2.0 - see LICENSE.txt.",
      "size" : 3290,
      "compressedSize" : 1517,
      "required" : ["jquery.sap.global.js"],
      "includes" : []
    },
    {
      "name" : "sap/m/Panel.js",
      "description" : "Provides control sap.m.Panel.",
      "size" : 8210,
      "compressedSize" : 3508,
      "required" : ["jquery.sap.global.js", "sap/m/library.js", "sap/ui/core/Control.js", "sap/ui/core/IconPool.js"],
      "includes" : []
    },
    {
      "name" : "sap/m/PanelRenderer.js",
      "description" : "! SAP UI development toolkit for HTML5 (SAPUI5/OpenUI5) (c) Copyright 2009-2015 SAP SE or an SAP affiliate company. Licensed under the Apache License, Version 2.0 - see LICENSE.txt.",
      "size" : 4087,
      "compressedSize" : 2037,
      "required" : ["jquery.sap.global.js"],
      "includes" : []
    },
    {
      "name" : "sap/m/Popover.js",
      "description" : "Provides control sap.m.Popover.",
      "size" : 72658,
      "compressedSize" : 30059,
      "required" : ["jquery.sap.global.js", "sap/m/Bar.js", "sap/m/Button.js", "sap/m/InstanceManager.js", "sap/m/library.js", "sap/ui/core/Control.js", "sap/ui/core/Popup.js", "sap/ui/core/delegate/ScrollEnablement.js", "sap/ui/core/theming/Parameters.js"],
      "includes" : []
    },
    {
      "name" : "sap/m/PopoverRenderer.js",
      "description" : "! SAP UI development toolkit for HTML5 (SAPUI5/OpenUI5) (c) Copyright 2009-2015 SAP SE or an SAP affiliate company. Licensed under the Apache License, Version 2.0 - see LICENSE.txt.",
      "size" : 6830,
      "compressedSize" : 3585,
      "required" : ["jquery.sap.global.js"],
      "includes" : []
    },
    {
      "name" : "sap/m/ProgressIndicator.js",
      "description" : "Provides control sap.m.ProgressIndicator.",
      "size" : 5587,
      "compressedSize" : 2476,
      "required" : ["jquery.sap.global.js", "sap/m/library.js", "sap/ui/core/Control.js", "sap/ui/core/ValueStateSupport.js"],
      "includes" : []
    },
    {
      "name" : "sap/m/ProgressIndicatorRenderer.js",
      "description" : "! SAP UI development toolkit for HTML5 (SAPUI5/OpenUI5) (c) Copyright 2009-2015 SAP SE or an SAP affiliate company. Licensed under the Apache License, Version 2.0 - see LICENSE.txt.",
      "size" : 3364,
      "compressedSize" : 1691,
      "required" : ["jquery.sap.global.js"],
      "includes" : []
    },
    {
      "name" : "sap/m/PullToRefresh.js",
      "description" : "Provides control sap.m.PullToRefresh.",
      "size" : 9885,
      "compressedSize" : 4886,
      "required" : ["jquery.sap.global.js", "sap/m/library.js", "sap/ui/core/Control.js", "sap/ui/core/theming/Parameters.js"],
      "includes" : []
    },
    {
      "name" : "sap/m/PullToRefreshRenderer.js",
      "description" : "! SAP UI development toolkit for HTML5 (SAPUI5/OpenUI5) (c) Copyright 2009-2015 SAP SE or an SAP affiliate company. Licensed under the Apache License, Version 2.0 - see LICENSE.txt.",
      "size" : 2370,
      "compressedSize" : 1237,
      "required" : ["jquery.sap.global.js", "sap/ui/core/IconPool.js"],
      "includes" : []
    },
    {
      "name" : "sap/m/RadioButton.js",
      "description" : "Provides control sap.m.RadioButton.",
      "size" : 10606,
      "compressedSize" : 4266,
      "required" : ["jquery.sap.global.js", "sap/m/library.js", "sap/ui/core/Control.js", "sap/ui/core/EnabledPropagator.js"],
      "includes" : []
    },
    {
      "name" : "sap/m/RadioButtonGroup.js",
      "description" : "Provides control sap.m.RadioButtonGroup.",
      "size" : 18137,
      "compressedSize" : 7639,
      "required" : ["jquery.sap.global.js", "sap/m/library.js", "sap/ui/core/Control.js", "sap/ui/core/delegate/ItemNavigation.js"],
      "includes" : []
    },
    {
      "name" : "sap/m/RadioButtonGroupRenderer.js",
      "description" : "Provides default renderer for control sap.m.RadioButtonGroup",
      "size" : 3337,
      "compressedSize" : 1486,
      "required" : ["jquery.sap.global.js"],
      "includes" : []
    },
    {
      "name" : "sap/m/RadioButtonRenderer.js",
      "description" : "! SAP UI development toolkit for HTML5 (SAPUI5/OpenUI5) (c) Copyright 2009-2015 SAP SE or an SAP affiliate company. Licensed under the Apache License, Version 2.0 - see LICENSE.txt.",
      "size" : 4202,
      "compressedSize" : 1964,
      "required" : ["jquery.sap.global.js", "sap/ui/core/ValueStateSupport.js"],
      "includes" : []
    },
    {
      "name" : "sap/m/RatingIndicator.js",
      "description" : "Provides control sap.m.RatingIndicator.",
      "size" : 29588,
      "compressedSize" : 11264,
      "required" : ["jquery.sap.global.js", "sap/m/library.js", "sap/ui/core/Control.js", "sap/ui/core/IconPool.js", "sap/ui/core/theming/Parameters.js"],
      "includes" : []
    },
    {
      "name" : "sap/m/RatingIndicatorRenderer.js",
      "description" : "! SAP UI development toolkit for HTML5 (SAPUI5/OpenUI5) (c) Copyright 2009-2015 SAP SE or an SAP affiliate company. Licensed under the Apache License, Version 2.0 - see LICENSE.txt.",
      "size" : 5973,
      "compressedSize" : 2521,
      "required" : ["jquery.sap.global.js", "sap/ui/core/theming/Parameters.js"],
      "includes" : []
    },
    {
      "name" : "sap/m/ResponsivePopover.js",
      "description" : "Provides control sap.m.ResponsivePopover.",
      "size" : 19515,
      "compressedSize" : 8238,
      "required" : ["jquery.sap.global.js", "sap/m/Dialog.js", "sap/m/Popover.js", "sap/m/library.js", "sap/ui/core/Control.js", "sap/ui/core/IconPool.js"],
      "includes" : []
    },
    {
      "name" : "sap/m/ResponsivePopoverRenderer.js",
      "description" : "! SAP UI development toolkit for HTML5 (SAPUI5/OpenUI5) (c) Copyright 2009-2015 SAP SE or an SAP affiliate company. Licensed under the Apache License, Version 2.0 - see LICENSE.txt.",
      "size" : 834,
      "compressedSize" : 310,
      "required" : ["jquery.sap.global.js"],
      "includes" : []
    },
    {
      "name" : "sap/m/ScrollContainer.js",
      "description" : "Provides control sap.m.ScrollContainer.",
      "size" : 6480,
      "compressedSize" : 1860,
      "required" : ["jquery.sap.global.js", "sap/m/library.js", "sap/ui/core/Control.js"],
      "includes" : []
    },
    {
      "name" : "sap/m/ScrollContainerRenderer.js",
      "description" : "! SAP UI development toolkit for HTML5 (SAPUI5/OpenUI5) (c) Copyright 2009-2015 SAP SE or an SAP affiliate company. Licensed under the Apache License, Version 2.0 - see LICENSE.txt.",
      "size" : 1881,
      "compressedSize" : 981,
      "required" : ["jquery.sap.global.js"],
      "includes" : []
    },
    {
      "name" : "sap/m/SearchField.js",
      "description" : "Provides control sap.m.SearchField.",
      "size" : 13953,
      "compressedSize" : 5890,
      "required" : ["jquery.sap.global.js", "sap/m/library.js", "sap/ui/core/Control.js", "sap/ui/core/EnabledPropagator.js", "sap/ui/core/IconPool.js", "sap/ui/core/InvisibleText.js", "sap/ui/core/theming/Parameters.js"],
      "includes" : []
    },
    {
      "name" : "sap/m/SearchFieldRenderer.js",
      "description" : "! SAP UI development toolkit for HTML5 (SAPUI5/OpenUI5) (c) Copyright 2009-2015 SAP SE or an SAP affiliate company. Licensed under the Apache License, Version 2.0 - see LICENSE.txt.",
      "size" : 4056,
      "compressedSize" : 2196,
      "required" : ["jquery.sap.global.js"],
      "includes" : []
    },
    {
      "name" : "sap/m/SegmentedButton.js",
      "description" : "Provides control sap.m.SegmentedButton.",
      "size" : 24107,
      "compressedSize" : 10136,
      "required" : ["jquery.sap.global.js", "sap/m/library.js", "sap/ui/core/Control.js", "sap/ui/core/EnabledPropagator.js", "sap/ui/core/delegate/ItemNavigation.js"],
      "includes" : []
    },
    {
      "name" : "sap/m/SegmentedButtonItem.js",
      "description" : "Provides control sap.m.SegmentedButtonItem.",
      "size" : 1715,
      "compressedSize" : 544,
      "required" : ["jquery.sap.global.js", "sap/m/library.js", "sap/ui/core/Item.js"],
      "includes" : []
    },
    {
      "name" : "sap/m/SegmentedButtonRenderer.js",
      "description" : "! SAP UI development toolkit for HTML5 (SAPUI5/OpenUI5) (c) Copyright 2009-2015 SAP SE or an SAP affiliate company. Licensed under the Apache License, Version 2.0 - see LICENSE.txt.",
      "size" : 4076,
      "compressedSize" : 1945,
      "required" : ["jquery.sap.global.js"],
      "includes" : []
    },
    {
      "name" : "sap/m/Select.js",
      "description" : "Provides control sap.m.Select.",
      "size" : 51554,
      "compressedSize" : 17057,
      "required" : ["jquery.sap.global.js", "sap/m/Bar.js", "sap/m/Dialog.js", "sap/m/InputBase.js", "sap/m/Popover.js", "sap/m/SelectList.js", "sap/m/SelectRenderer.js", "sap/m/library.js", "sap/ui/core/Control.js", "sap/ui/core/EnabledPropagator.js", "sap/ui/core/IconPool.js"],
      "includes" : []
    },
    {
      "name" : "sap/m/SelectDialog.js",
      "description" : "Provides control sap.m.SelectDialog.",
      "size" : 36108,
      "compressedSize" : 12935,
      "required" : ["jquery.sap.global.js", "sap/m/Button.js", "sap/m/Dialog.js", "sap/m/List.js", "sap/m/SearchField.js", "sap/m/library.js", "sap/ui/core/Control.js"],
      "includes" : []
    },
    {
      "name" : "sap/m/SelectDialogRenderer.js",
      "description" : "! SAP UI development toolkit for HTML5 (SAPUI5/OpenUI5) (c) Copyright 2009-2015 SAP SE or an SAP affiliate company. Licensed under the Apache License, Version 2.0 - see LICENSE.txt.",
      "size" : 814,
      "compressedSize" : 310,
      "required" : ["jquery.sap.global.js"],
      "includes" : []
    },
    {
      "name" : "sap/m/SelectList.js",
      "description" : "Provides control sap.m.SelectList.",
      "size" : 24783,
      "compressedSize" : 7526,
      "required" : ["jquery.sap.global.js", "sap/m/SelectListRenderer.js", "sap/m/library.js", "sap/ui/core/Control.js", "sap/ui/core/delegate/ItemNavigation.js"],
      "includes" : []
    },
    {
      "name" : "sap/m/SelectListRenderer.js",
      "description" : "! SAP UI development toolkit for HTML5 (SAPUI5/OpenUI5) (c) Copyright 2009-2015 SAP SE or an SAP affiliate company. Licensed under the Apache License, Version 2.0 - see LICENSE.txt.",
      "size" : 5057,
      "compressedSize" : 1785,
      "required" : ["jquery.sap.global.js"],
      "includes" : []
    },
    {
      "name" : "sap/m/SelectRenderer.js",
      "description" : "! SAP UI development toolkit for HTML5 (SAPUI5/OpenUI5) (c) Copyright 2009-2015 SAP SE or an SAP affiliate company. Licensed under the Apache License, Version 2.0 - see LICENSE.txt.",
      "size" : 7254,
      "compressedSize" : 2682,
      "required" : ["jquery.sap.global.js", "sap/ui/core/Renderer.js", "sap/ui/core/ValueStateSupport.js"],
      "includes" : []
    },
    {
      "name" : "sap/m/Shell.js",
      "description" : "Provides control sap.m.Shell.",
      "size" : 8280,
      "compressedSize" : 2737,
      "required" : ["jquery.sap.global.js", "sap/m/library.js", "sap/ui/core/Control.js"],
      "includes" : []
    },
    {
      "name" : "sap/m/ShellRenderer.js",
      "description" : "! SAP UI development toolkit for HTML5 (SAPUI5/OpenUI5) (c) Copyright 2009-2015 SAP SE or an SAP affiliate company. Licensed under the Apache License, Version 2.0 - see LICENSE.txt.",
      "size" : 3939,
      "compressedSize" : 2524,
      "required" : ["jquery.sap.global.js"],
      "includes" : []
    },
    {
      "name" : "sap/m/Slider.js",
      "description" : "Provides control sap.m.Slider.",
      "size" : 25431,
      "compressedSize" : 8338,
      "required" : ["jquery.sap.global.js", "sap/m/SliderRenderer.js", "sap/m/library.js", "sap/ui/core/Control.js", "sap/ui/core/EnabledPropagator.js"],
      "includes" : []
    },
    {
      "name" : "sap/m/SliderRenderer.js",
      "description" : "! SAP UI development toolkit for HTML5 (SAPUI5/OpenUI5) (c) Copyright 2009-2015 SAP SE or an SAP affiliate company. Licensed under the Apache License, Version 2.0 - see LICENSE.txt.",
      "size" : 3914,
      "compressedSize" : 2038,
      "required" : ["jquery.sap.global.js"],
      "includes" : []
    },
    {
      "name" : "sap/m/SplitApp.js",
      "description" : "Provides control sap.m.SplitApp.",
      "size" : 5396,
      "compressedSize" : 1551,
      "required" : ["jquery.sap.global.js", "sap/m/SplitContainer.js", "sap/m/library.js"],
      "includes" : []
    },
    {
      "name" : "sap/m/SplitAppRenderer.js",
      "description" : "! SAP UI development toolkit for HTML5 (SAPUI5/OpenUI5) (c) Copyright 2009-2015 SAP SE or an SAP affiliate company. Licensed under the Apache License, Version 2.0 - see LICENSE.txt.",
      "size" : 1000,
      "compressedSize" : 675,
      "required" : ["jquery.sap.global.js", "sap/m/SplitContainerRenderer.js", "sap/ui/core/Renderer.js"],
      "includes" : []
    },
    {
      "name" : "sap/m/SplitContainer.js",
      "description" : "Provides control sap.m.SplitContainer.",
      "size" : 81469,
      "compressedSize" : 26652,
      "required" : ["jquery.sap.global.js", "sap/m/library.js", "sap/ui/core/Control.js", "sap/ui/core/IconPool.js", "sap/ui/core/theming/Parameters.js"],
      "includes" : []
    },
    {
      "name" : "sap/m/SplitContainerRenderer.js",
      "description" : "! SAP UI development toolkit for HTML5 (SAPUI5/OpenUI5) (c) Copyright 2009-2015 SAP SE or an SAP affiliate company. Licensed under the Apache License, Version 2.0 - see LICENSE.txt.",
      "size" : 2743,
      "compressedSize" : 1588,
      "required" : ["jquery.sap.global.js"],
      "includes" : []
    },
    {
      "name" : "sap/m/StandardListItem.js",
      "description" : "Provides control sap.m.StandardListItem.",
      "size" : 5312,
      "compressedSize" : 2200,
      "required" : ["jquery.sap.global.js", "sap/m/ListItemBase.js", "sap/m/library.js", "sap/ui/core/EnabledPropagator.js", "sap/ui/core/IconPool.js"],
      "includes" : []
    },
    {
      "name" : "sap/m/StandardListItemRenderer.js",
      "description" : "! SAP UI development toolkit for HTML5 (SAPUI5/OpenUI5) (c) Copyright 2009-2015 SAP SE or an SAP affiliate company. Licensed under the Apache License, Version 2.0 - see LICENSE.txt.",
      "size" : 5364,
      "compressedSize" : 3418,
      "required" : ["jquery.sap.global.js", "sap/m/ListItemBaseRenderer.js", "sap/ui/core/Renderer.js"],
      "includes" : []
    },
    {
      "name" : "sap/m/StandardTile.js",
      "description" : "Provides control sap.m.StandardTile.",
      "size" : 3752,
      "compressedSize" : 1691,
      "required" : ["jquery.sap.global.js", "sap/m/Tile.js", "sap/m/library.js", "sap/ui/core/IconPool.js"],
      "includes" : []
    },
    {
      "name" : "sap/m/StandardTileRenderer.js",
      "description" : "! SAP UI development toolkit for HTML5 (SAPUI5/OpenUI5) (c) Copyright 2009-2015 SAP SE or an SAP affiliate company. Licensed under the Apache License, Version 2.0 - see LICENSE.txt.",
      "size" : 3998,
      "compressedSize" : 2418,
      "required" : ["jquery.sap.global.js", "sap/m/TileRenderer.js", "sap/ui/core/ValueStateSupport.js"],
      "includes" : []
    },
    {
      "name" : "sap/m/Support.js",
      "description" : "! SAP UI development toolkit for HTML5 (SAPUI5/OpenUI5) (c) Copyright 2009-2015 SAP SE or an SAP affiliate company. Licensed under the Apache License, Version 2.0 - see LICENSE.txt.",
      "size" : 12290,
      "compressedSize" : 6151,
      "required" : ["jquery.sap.global.js"],
      "includes" : []
    },
    {
      "name" : "sap/m/Switch.js",
      "description" : "Provides control sap.m.Switch.",
      "size" : 13965,
      "compressedSize" : 5000,
      "required" : ["jquery.sap.global.js", "sap/m/SwitchRenderer.js", "sap/m/library.js", "sap/ui/core/Control.js", "sap/ui/core/EnabledPropagator.js", "sap/ui/core/IconPool.js", "sap/ui/core/theming/Parameters.js"],
      "includes" : []
    },
    {
      "name" : "sap/m/SwitchRenderer.js",
      "description" : "! SAP UI development toolkit for HTML5 (SAPUI5/OpenUI5) (c) Copyright 2009-2015 SAP SE or an SAP affiliate company. Licensed under the Apache License, Version 2.0 - see LICENSE.txt.",
      "size" : 6489,
      "compressedSize" : 3242,
      "required" : ["jquery.sap.global.js"],
      "includes" : []
    },
    {
      "name" : "sap/m/Table.js",
      "description" : "Provides control sap.m.Table.",
      "size" : 17809,
      "compressedSize" : 7932,
      "required" : ["jquery.sap.global.js", "sap/m/ListBase.js", "sap/m/library.js"],
      "includes" : []
    },
    {
      "name" : "sap/m/TablePersoController.js",
      "description" : "Provides TablePersoController",
      "size" : 21351,
      "compressedSize" : 8125,
      "required" : ["jquery.sap.global.js", "sap/m/TablePersoDialog.js", "sap/ui/base/ManagedObject.js"],
      "includes" : []
    },
    {
      "name" : "sap/m/TablePersoDialog.js",
      "description" : "Provides TablePersoDialog",
      "size" : 21415,
      "compressedSize" : 10477,
      "required" : ["jquery.sap.global.js", "sap/m/Button.js", "sap/m/Dialog.js", "sap/m/InputListItem.js", "sap/m/List.js", "sap/m/Toolbar.js", "sap/ui/base/ManagedObject.js"],
      "includes" : []
    },
    {
      "name" : "sap/m/TablePersoProvider.js",
      "description" : "Provides TablePersoProvider",
      "size" : 4322,
      "compressedSize" : 1123,
      "required" : ["jquery.sap.global.js", "sap/ui/base/ManagedObject.js"],
      "includes" : []
    },
    {
      "name" : "sap/m/TableRenderer.js",
      "description" : "! SAP UI development toolkit for HTML5 (SAPUI5/OpenUI5) (c) Copyright 2009-2015 SAP SE or an SAP affiliate company. Licensed under the Apache License, Version 2.0 - see LICENSE.txt.",
      "size" : 6532,
      "compressedSize" : 3668,
      "required" : ["jquery.sap.global.js", "sap/ui/core/Renderer.js", "sap/m/ListBaseRenderer.js"],
      "includes" : []
    },
    {
      "name" : "sap/m/TableSelectDialog.js",
      "description" : "Provides control sap.m.TableSelectDialog.",
      "size" : 34457,
      "compressedSize" : 12885,
      "required" : ["jquery.sap.global.js", "sap/m/Button.js", "sap/m/Dialog.js", "sap/m/SearchField.js", "sap/m/Table.js", "sap/m/library.js", "sap/ui/core/Control.js"],
      "includes" : []
    },
    {
      "name" : "sap/m/TableSelectDialogRenderer.js",
      "description" : "! SAP UI development toolkit for HTML5 (SAPUI5/OpenUI5) (c) Copyright 2009-2015 SAP SE or an SAP affiliate company. Licensed under the Apache License, Version 2.0 - see LICENSE.txt.",
      "size" : 829,
      "compressedSize" : 310,
      "required" : ["jquery.sap.global.js"],
      "includes" : []
    },
    {
      "name" : "sap/m/Text.js",
      "description" : "Provides control sap.m.Text.",
      "size" : 11017,
      "compressedSize" : 3342,
      "required" : ["jquery.sap.global.js", "sap/m/library.js", "sap/ui/core/Control.js"],
      "includes" : []
    },
    {
      "name" : "sap/m/TextArea.js",
      "description" : "Provides control sap.m.TextArea.",
      "size" : 6375,
      "compressedSize" : 2461,
      "required" : ["jquery.sap.global.js", "sap/m/InputBase.js", "sap/m/library.js"],
      "includes" : []
    },
    {
      "name" : "sap/m/TextAreaRenderer.js",
      "description" : "! SAP UI development toolkit for HTML5 (SAPUI5/OpenUI5) (c) Copyright 2009-2015 SAP SE or an SAP affiliate company. Licensed under the Apache License, Version 2.0 - see LICENSE.txt.",
      "size" : 2262,
      "compressedSize" : 1116,
      "required" : ["jquery.sap.global.js", "sap/ui/core/Renderer.js", "sap/m/InputBaseRenderer.js"],
      "includes" : []
    },
    {
      "name" : "sap/m/TextRenderer.js",
      "description" : "Provides default renderer for control sap.m.Text",
      "size" : 3365,
      "compressedSize" : 1453,
      "required" : ["jquery.sap.global.js", "sap/ui/core/Renderer.js"],
      "includes" : []
    },
    {
      "name" : "sap/m/Tile.js",
      "description" : "Provides control sap.m.Tile.",
      "size" : 7739,
      "compressedSize" : 3166,
      "required" : ["jquery.sap.global.js", "sap/m/library.js", "sap/ui/core/Control.js"],
      "includes" : []
    },
    {
      "name" : "sap/m/TileContainer.js",
      "description" : "Provides control sap.m.TileContainer.",
      "size" : 50616,
      "compressedSize" : 26061,
      "required" : ["jquery.sap.global.js", "sap/m/library.js", "sap/ui/core/Control.js", "sap/ui/core/IconPool.js"],
      "includes" : []
    },
    {
      "name" : "sap/m/TileContainerRenderer.js",
      "description" : "! SAP UI development toolkit for HTML5 (SAPUI5/OpenUI5) (c) Copyright 2009-2015 SAP SE or an SAP affiliate company. Licensed under the Apache License, Version 2.0 - see LICENSE.txt.",
      "size" : 2416,
      "compressedSize" : 1598,
      "required" : ["jquery.sap.global.js"],
      "includes" : []
    },
    {
      "name" : "sap/m/TileRenderer.js",
      "description" : "Provides default renderer for control sap.m.Text",
      "size" : 1927,
      "compressedSize" : 1058,
      "required" : ["jquery.sap.global.js", "sap/ui/core/Renderer.js"],
      "includes" : []
    },
    {
      "name" : "sap/m/Title.js",
      "description" : "Provides control sap.m.Title.",
      "size" : 3848,
      "compressedSize" : 1758,
      "required" : ["jquery.sap.global.js", "sap/ui/core/Control.js", "sap/ui/Device.js", "sap/m/library.js"],
      "includes" : []
    },
    {
      "name" : "sap/m/TitleRenderer.js",
      "description" : "Provides default renderer for control sap.m.Title",
      "size" : 2158,
      "compressedSize" : 1165,
      "required" : ["jquery.sap.global.js", "sap/ui/Device.js"],
      "includes" : []
    },
    {
      "name" : "sap/m/ToggleButton.js",
      "description" : "Provides control sap.m.ToggleButton.",
      "size" : 2438,
      "compressedSize" : 956,
      "required" : ["jquery.sap.global.js", "sap/m/Button.js", "sap/m/library.js", "sap/ui/core/EnabledPropagator.js"],
      "includes" : []
    },
    {
      "name" : "sap/m/ToggleButtonRenderer.js",
      "description" : "Provides default renderer for control sap.ui.commons.Togglebutton",
      "size" : 1563,
      "compressedSize" : 514,
      "required" : ["jquery.sap.global.js", "sap/m/ButtonRenderer.js", "sap/ui/core/Renderer.js"],
      "includes" : []
    },
    {
      "name" : "sap/m/Token.js",
      "description" : "Provides control sap.m.Token.",
      "size" : 7067,
      "compressedSize" : 2987,
      "required" : ["jquery.sap.global.js", "sap/m/library.js", "sap/ui/core/Control.js"],
      "includes" : []
    },
    {
      "name" : "sap/m/TokenRenderer.js",
      "description" : "! SAP UI development toolkit for HTML5 (SAPUI5/OpenUI5) (c) Copyright 2009-2015 SAP SE or an SAP affiliate company. Licensed under the Apache License, Version 2.0 - see LICENSE.txt.",
      "size" : 2088,
      "compressedSize" : 872,
      "required" : ["jquery.sap.global.js"],
      "includes" : []
    },
    {
      "name" : "sap/m/Tokenizer.js",
      "description" : "Provides control sap.m.Tokenizer.",
      "size" : 24322,
      "compressedSize" : 9611,
      "required" : ["jquery.sap.global.js", "sap/m/library.js", "sap/ui/core/Control.js", "sap/ui/core/delegate/ScrollEnablement.js"],
      "includes" : []
    },
    {
      "name" : "sap/m/TokenizerRenderer.js",
      "description" : "! SAP UI development toolkit for HTML5 (SAPUI5/OpenUI5) (c) Copyright 2009-2015 SAP SE or an SAP affiliate company. Licensed under the Apache License, Version 2.0 - see LICENSE.txt.",
      "size" : 1818,
      "compressedSize" : 711,
      "required" : ["jquery.sap.global.js"],
      "includes" : []
    },
    {
      "name" : "sap/m/Toolbar.js",
      "description" : "Provides control sap.m.Toolbar.",
      "size" : 22011,
      "compressedSize" : 8260,
      "required" : ["jquery.sap.global.js", "sap/m/BarInPageEnabler.js", "sap/m/ToolbarLayoutData.js", "sap/m/ToolbarSpacer.js", "sap/m/library.js", "sap/ui/core/Control.js", "sap/ui/core/EnabledPropagator.js", "sap/ui/core/ResizeHandler.js"],
      "includes" : []
    },
    {
      "name" : "sap/m/ToolbarLayoutData.js",
      "description" : "Provides control sap.m.ToolbarLayoutData.",
      "size" : 2601,
      "compressedSize" : 888,
      "required" : ["jquery.sap.global.js", "sap/m/library.js", "sap/ui/core/LayoutData.js"],
      "includes" : []
    },
    {
      "name" : "sap/m/ToolbarRenderer.js",
      "description" : "! SAP UI development toolkit for HTML5 (SAPUI5/OpenUI5) (c) Copyright 2009-2015 SAP SE or an SAP affiliate company. Licensed under the Apache License, Version 2.0 - see LICENSE.txt.",
      "size" : 2497,
      "compressedSize" : 1164,
      "required" : ["jquery.sap.global.js", "sap/m/BarInPageEnabler.js"],
      "includes" : []
    },
    {
      "name" : "sap/m/ToolbarSeparator.js",
      "description" : "Provides control sap.m.ToolbarSeparator.",
      "size" : 1201,
      "compressedSize" : 384,
      "required" : ["jquery.sap.global.js", "sap/m/library.js", "sap/ui/core/Control.js"],
      "includes" : []
    },
    {
      "name" : "sap/m/ToolbarSeparatorRenderer.js",
      "description" : "! SAP UI development toolkit for HTML5 (SAPUI5/OpenUI5) (c) Copyright 2009-2015 SAP SE or an SAP affiliate company. Licensed under the Apache License, Version 2.0 - see LICENSE.txt.",
      "size" : 735,
      "compressedSize" : 487,
      "required" : ["jquery.sap.global.js", "sap/ui/core/Renderer.js"],
      "includes" : []
    },
    {
      "name" : "sap/m/ToolbarSpacer.js",
      "description" : "Provides control sap.m.ToolbarSpacer.",
      "size" : 1669,
      "compressedSize" : 495,
      "required" : ["jquery.sap.global.js", "sap/m/library.js", "sap/ui/core/Control.js"],
      "includes" : []
    },
    {
      "name" : "sap/m/ToolbarSpacerRenderer.js",
      "description" : "! SAP UI development toolkit for HTML5 (SAPUI5/OpenUI5) (c) Copyright 2009-2015 SAP SE or an SAP affiliate company. Licensed under the Apache License, Version 2.0 - see LICENSE.txt.",
      "size" : 812,
      "compressedSize" : 548,
      "required" : ["jquery.sap.global.js", "sap/ui/core/Renderer.js"],
      "includes" : []
    },
    {
      "name" : "sap/m/UploadCollection.js",
      "description" : "Provides control sap.m.UploadCollection.",
      "size" : 67109,
      "compressedSize" : 28535,
      "required" : ["jquery.sap.global.js", "sap/m/MessageBox.js", "sap/m/MessageToast.js", "sap/m/library.js", "sap/ui/core/Control.js", "sap/ui/unified/library.js"],
      "includes" : []
    },
    {
      "name" : "sap/m/UploadCollectionItem.js",
      "description" : "Provides control sap.m.UploadCollectionItem.",
      "size" : 3844,
      "compressedSize" : 1114,
      "required" : ["jquery.sap.global.js", "sap/m/library.js", "sap/ui/core/Element.js"],
      "includes" : []
    },
    {
      "name" : "sap/m/UploadCollectionParameter.js",
      "description" : "Provides control sap.m.UploadCollectionParameter.",
      "size" : 1489,
      "compressedSize" : 511,
      "required" : ["jquery.sap.global.js", "sap/m/library.js", "sap/ui/core/Element.js"],
      "includes" : []
    },
    {
      "name" : "sap/m/UploadCollectionRenderer.js",
      "description" : "! SAP UI development toolkit for HTML5 (SAPUI5/OpenUI5) (c) Copyright 2009-2015 SAP SE or an SAP affiliate company. Licensed under the Apache License, Version 2.0 - see LICENSE.txt.",
      "size" : 1050,
      "compressedSize" : 441,
      "required" : ["jquery.sap.global.js"],
      "includes" : []
    },
    {
      "name" : "sap/m/VBox.js",
      "description" : "Provides control sap.m.VBox.",
      "size" : 1203,
      "compressedSize" : 362,
      "required" : ["jquery.sap.global.js", "sap/m/FlexBox.js", "sap/m/library.js"],
      "includes" : []
    },
    {
      "name" : "sap/m/VBoxRenderer.js",
      "description" : "! SAP UI development toolkit for HTML5 (SAPUI5/OpenUI5) (c) Copyright 2009-2015 SAP SE or an SAP affiliate company. Licensed under the Apache License, Version 2.0 - see LICENSE.txt.",
      "size" : 878,
      "compressedSize" : 359,
      "required" : ["jquery.sap.global.js", "sap/m/FlexBoxRenderer.js"],
      "includes" : []
    },
    {
      "name" : "sap/m/ViewSettingsCustomItem.js",
      "description" : "Provides control sap.m.ViewSettingsCustomItem.",
      "size" : 3695,
      "compressedSize" : 966,
      "required" : ["jquery.sap.global.js", "sap/m/ViewSettingsItem.js", "sap/m/library.js"],
      "includes" : []
    },
    {
      "name" : "sap/m/ViewSettingsDialog.js",
      "description" : "Provides control sap.m.ViewSettingsDialog.",
      "size" : 56501,
      "compressedSize" : 26531,
      "required" : ["jquery.sap.global.js", "sap/m/library.js", "sap/ui/core/Control.js", "sap/ui/core/IconPool.js"],
      "includes" : []
    },
    {
      "name" : "sap/m/ViewSettingsDialogRenderer.js",
      "description" : "! SAP UI development toolkit for HTML5 (SAPUI5/OpenUI5) (c) Copyright 2009-2015 SAP SE or an SAP affiliate company. Licensed under the Apache License, Version 2.0 - see LICENSE.txt.",
      "size" : 846,
      "compressedSize" : 310,
      "required" : ["jquery.sap.global.js"],
      "includes" : []
    },
    {
      "name" : "sap/m/ViewSettingsFilterItem.js",
      "description" : "Provides control sap.m.ViewSettingsFilterItem.",
      "size" : 1858,
      "compressedSize" : 553,
      "required" : ["jquery.sap.global.js", "sap/m/ViewSettingsItem.js", "sap/m/library.js"],
      "includes" : []
    },
    {
      "name" : "sap/m/ViewSettingsItem.js",
      "description" : "Provides control sap.m.ViewSettingsItem.",
      "size" : 1556,
      "compressedSize" : 456,
      "required" : ["jquery.sap.global.js", "sap/m/library.js", "sap/ui/core/Item.js"],
      "includes" : []
    },
    {
      "name" : "sap/m/ios7.js",
      "description" : "declare unusual global vars for JSLint/SAPUI5 validation",
      "size" : 6800,
      "compressedSize" : 3433,
      "required" : ["jquery.sap.global.js"],
      "includes" : []
    },
    {
      "name" : "sap/m/library.js",
      "description" : "Initialization Code and shared classes of library sap.m.",
      "size" : 67698,
      "compressedSize" : 18078,
      "required" : ["jquery.sap.global.js", "sap/ui/Device.js", "sap/ui/core/library.js", "jquery.sap.mobile.js", "sap/m/Support.js"],
      "includes" : []
    },
    {
      "name" : "sap/m/messagebundle.properties",
      "size" : 19329,
      "required" : [],
      "includes" : []
    },
    {
      "name" : "sap/m/messagebundle_ar.properties",
      "size" : 27823,
      "required" : [],
      "includes" : []
    },
    {
      "name" : "sap/m/messagebundle_bg.properties",
      "size" : 31547,
      "required" : [],
      "includes" : []
    },
    {
      "name" : "sap/m/messagebundle_ca.properties",
      "size" : 19879,
      "required" : [],
      "includes" : []
    },
    {
      "name" : "sap/m/messagebundle_cs.properties",
      "size" : 20477,
      "required" : [],
      "includes" : []
    },
    {
      "name" : "sap/m/messagebundle_da.properties",
      "size" : 19351,
      "required" : [],
      "includes" : []
    },
    {
      "name" : "sap/m/messagebundle_de.properties",
      "size" : 19795,
      "required" : [],
      "includes" : []
    },
    {
      "name" : "sap/m/messagebundle_el.properties",
      "size" : 30585,
      "required" : [],
      "includes" : []
    },
    {
      "name" : "sap/m/messagebundle_en.properties",
      "size" : 19124,
      "required" : [],
      "includes" : []
    },
    {
      "name" : "sap/m/messagebundle_en_US_sappsd.properties",
      "size" : 36016,
      "required" : [],
      "includes" : []
    },
    {
      "name" : "sap/m/messagebundle_en_US_saptrc.properties",
      "size" : 23655,
      "required" : [],
      "includes" : []
    },
    {
      "name" : "sap/m/messagebundle_es.properties",
      "size" : 19735,
      "required" : [],
      "includes" : []
    },
    {
      "name" : "sap/m/messagebundle_et.properties",
      "size" : 19871,
      "required" : [],
      "includes" : []
    },
    {
      "name" : "sap/m/messagebundle_fi.properties",
      "size" : 20174,
      "required" : [],
      "includes" : []
    },
    {
      "name" : "sap/m/messagebundle_fr.properties",
      "size" : 20188,
      "required" : [],
      "includes" : []
    },
    {
      "name" : "sap/m/messagebundle_hi.properties",
      "size" : 29932,
      "required" : [],
      "includes" : []
    },
    {
      "name" : "sap/m/messagebundle_hr.properties",
      "size" : 19777,
      "required" : [],
      "includes" : []
    },
    {
      "name" : "sap/m/messagebundle_hu.properties",
      "size" : 21186,
      "required" : [],
      "includes" : []
    },
    {
      "name" : "sap/m/messagebundle_it.properties",
      "size" : 19697,
      "required" : [],
      "includes" : []
    },
    {
      "name" : "sap/m/messagebundle_iw.properties",
      "size" : 26136,
      "required" : [],
      "includes" : []
    },
    {
      "name" : "sap/m/messagebundle_ja.properties",
      "size" : 22780,
      "required" : [],
      "includes" : []
    },
    {
      "name" : "sap/m/messagebundle_ko.properties",
      "size" : 21854,
      "required" : [],
      "includes" : []
    },
    {
      "name" : "sap/m/messagebundle_lt.properties",
      "size" : 20607,
      "required" : [],
      "includes" : []
    },
    {
      "name" : "sap/m/messagebundle_lv.properties",
      "size" : 20894,
      "required" : [],
      "includes" : []
    },
    {
      "name" : "sap/m/messagebundle_nl.properties",
      "size" : 19523,
      "required" : [],
      "includes" : []
    },
    {
      "name" : "sap/m/messagebundle_no.properties",
      "size" : 19322,
      "required" : [],
      "includes" : []
    },
    {
      "name" : "sap/m/messagebundle_pl.properties",
      "size" : 20504,
      "required" : [],
      "includes" : []
    },
    {
      "name" : "sap/m/messagebundle_pt.properties",
      "size" : 19744,
      "required" : [],
      "includes" : []
    },
    {
      "name" : "sap/m/messagebundle_ro.properties",
      "size" : 20243,
      "required" : [],
      "includes" : []
    },
    {
      "name" : "sap/m/messagebundle_ru.properties",
      "size" : 30809,
      "required" : [],
      "includes" : []
    },
    {
      "name" : "sap/m/messagebundle_sh.properties",
      "size" : 19823,
      "required" : [],
      "includes" : []
    },
    {
      "name" : "sap/m/messagebundle_sk.properties",
      "size" : 20553,
      "required" : [],
      "includes" : []
    },
    {
      "name" : "sap/m/messagebundle_sl.properties",
      "size" : 19690,
      "required" : [],
      "includes" : []
    },
    {
      "name" : "sap/m/messagebundle_sv.properties",
      "size" : 19633,
      "required" : [],
      "includes" : []
    },
    {
      "name" : "sap/m/messagebundle_th.properties",
      "size" : 30142,
      "required" : [],
      "includes" : []
    },
    {
      "name" : "sap/m/messagebundle_tr.properties",
      "size" : 20886,
      "required" : [],
      "includes" : []
    },
    {
      "name" : "sap/m/messagebundle_uk.properties",
      "size" : 30873,
      "required" : [],
      "includes" : []
    },
    {
      "name" : "sap/m/messagebundle_vi.properties",
      "size" : 23440,
      "required" : [],
      "includes" : []
    },
    {
      "name" : "sap/m/messagebundle_zh_CN.properties",
      "size" : 20953,
      "required" : [],
      "includes" : []
    },
    {
      "name" : "sap/m/messagebundle_zh_TW.properties",
      "size" : 20922,
      "required" : [],
      "includes" : []
    },
    {
      "name" : "sap/m/routing/RouteMatchedHandler.js",
      "description" : "! SAP UI development toolkit for HTML5 (SAPUI5/OpenUI5) (c) Copyright 2009-2015 SAP SE or an SAP affiliate company. Licensed under the Apache License, Version 2.0 - see LICENSE.txt.",
      "size" : 8063,
      "compressedSize" : 2381,
      "required" : ["jquery.sap.global.js", "sap/m/InstanceManager.js", "sap/m/NavContainer.js", "sap/m/SplitContainer.js", "sap/ui/base/Object.js", "sap/ui/core/routing/History.js", "sap/ui/core/routing/Router.js", "sap/m/routing/TargetHandler.js"],
      "includes" : []
    },
    {
      "name" : "sap/m/routing/Router.js",
      "description" : "! SAP UI development toolkit for HTML5 (SAPUI5/OpenUI5) (c) Copyright 2009-2015 SAP SE or an SAP affiliate company. Licensed under the Apache License, Version 2.0 - see LICENSE.txt.",
      "size" : 8105,
      "compressedSize" : 1485,
      "required" : ["sap/ui/core/routing/Router.js", "sap/m/routing/TargetHandler.js", "sap/m/routing/Targets.js", "jquery.sap.global.js"],
      "includes" : []
    },
    {
      "name" : "sap/m/routing/Target.js",
      "description" : "! SAP UI development toolkit for HTML5 (SAPUI5/OpenUI5) (c) Copyright 2009-2015 SAP SE or an SAP affiliate company. Licensed under the Apache License, Version 2.0 - see LICENSE.txt.",
      "size" : 1889,
      "compressedSize" : 808,
      "required" : ["sap/ui/core/routing/Target.js", "jquery.sap.global.js"],
      "includes" : []
    },
    {
      "name" : "sap/m/routing/TargetHandler.js",
      "description" : "! SAP UI development toolkit for HTML5 (SAPUI5/OpenUI5) (c) Copyright 2009-2015 SAP SE or an SAP affiliate company. Licensed under the Apache License, Version 2.0 - see LICENSE.txt.",
      "size" : 9175,
      "compressedSize" : 2897,
      "required" : ["jquery.sap.global.js", "sap/m/InstanceManager.js", "sap/m/NavContainer.js", "sap/m/SplitContainer.js", "sap/ui/base/Object.js", "sap/ui/core/routing/History.js", "sap/ui/core/routing/Router.js"],
      "includes" : []
    },
    {
      "name" : "sap/m/routing/Targets.js",
      "description" : "! SAP UI development toolkit for HTML5 (SAPUI5/OpenUI5) (c) Copyright 2009-2015 SAP SE or an SAP affiliate company. Licensed under the Apache License, Version 2.0 - see LICENSE.txt.",
      "size" : 16947,
      "compressedSize" : 1313,
      "required" : ["sap/ui/core/routing/Targets.js", "sap/m/routing/TargetHandler.js", "sap/m/routing/Target.js", "jquery.sap.global.js"],
      "includes" : []
    }
  ]
}
