<?xml version="1.0" ?>
<library  version="2.0" name="sap.m">
  <module name="sap/m/ActionListItem.js" size="2434" compressedSize="687">
    <description>Provides control sap.m.ActionListItem.</description>
    <requires>
      <module name="jquery.sap.global.js"/>
      <module name="sap/m/ListItemBase.js"/>
      <module name="sap/m/library.js"/>
      <module name="sap/ui/core/EnabledPropagator.js"/>
    </requires>
  </module>
  <module name="sap/m/ActionListItemRenderer.js" size="1273" compressedSize="537">
    <description>! SAP UI development toolkit for HTML5 (SAPUI5/OpenUI5) (c) Copyright 2009-2015 SAP SE or an SAP affiliate company. Licensed under the Apache License, Version 2.0 - see LICENSE.txt.</description>
    <requires>
      <module name="jquery.sap.global.js"/>
      <module name="sap/m/ListItemBaseRenderer.js"/>
      <module name="sap/ui/core/Renderer.js"/>
    </requires>
  </module>
  <module name="sap/m/ActionSelect.js" size="6578" compressedSize="2102">
    <description>Provides control sap.m.ActionSelect.</description>
    <requires>
      <module name="jquery.sap.global.js"/>
      <module name="sap/m/Select.js"/>
      <module name="sap/m/library.js"/>
    </requires>
  </module>
  <module name="sap/m/ActionSelectRenderer.js" size="1121" compressedSize="427">
    <description>! SAP UI development toolkit for HTML5 (SAPUI5/OpenUI5) (c) Copyright 2009-2015 SAP SE or an SAP affiliate company. Licensed under the Apache License, Version 2.0 - see LICENSE.txt.</description>
    <requires>
      <module name="jquery.sap.global.js"/>
      <module name="sap/ui/core/Renderer.js"/>
      <module name="sap/m/SelectRenderer.js"/>
    </requires>
  </module>
  <module name="sap/m/ActionSheet.js" size="19160" compressedSize="8789">
    <description>Provides control sap.m.ActionSheet.</description>
    <requires>
      <module name="jquery.sap.global.js"/>
      <module name="sap/m/Dialog.js"/>
      <module name="sap/m/Popover.js"/>
      <module name="sap/m/library.js"/>
      <module name="sap/ui/core/Control.js"/>
      <module name="sap/ui/core/delegate/ItemNavigation.js"/>
    </requires>
  </module>
  <module name="sap/m/ActionSheetRenderer.js" size="1782" compressedSize="868">
    <description>! SAP UI development toolkit for HTML5 (SAPUI5/OpenUI5) (c) Copyright 2009-2015 SAP SE or an SAP affiliate company. Licensed under the Apache License, Version 2.0 - see LICENSE.txt.</description>
    <requires>
      <module name="jquery.sap.global.js"/>
    </requires>
  </module>
  <module name="sap/m/App.js" size="7567" compressedSize="2291">
    <description>Provides control sap.m.App.</description>
    <requires>
      <module name="jquery.sap.global.js"/>
      <module name="sap/m/NavContainer.js"/>
      <module name="sap/m/library.js"/>
    </requires>
  </module>
  <module name="sap/m/AppRenderer.js" size="955" compressedSize="662">
    <description>! SAP UI development toolkit for HTML5 (SAPUI5/OpenUI5) (c) Copyright 2009-2015 SAP SE or an SAP affiliate company. Licensed under the Apache License, Version 2.0 - see LICENSE.txt.</description>
    <requires>
      <module name="jquery.sap.global.js"/>
      <module name="sap/m/NavContainerRenderer.js"/>
      <module name="sap/ui/core/Renderer.js"/>
    </requires>
  </module>
  <module name="sap/m/Bar.js" size="13733" compressedSize="4779">
    <description>Provides control sap.m.Bar.</description>
    <requires>
      <module name="jquery.sap.global.js"/>
      <module name="sap/m/BarInPageEnabler.js"/>
      <module name="sap/m/library.js"/>
      <module name="sap/ui/core/Control.js"/>
    </requires>
  </module>
  <module name="sap/m/BarInPageEnabler.js" size="5020" compressedSize="2154">
    <description>Provides helper sap.m.BarInPageEnabler</description>
    <requires>
      <module name="sap/ui/base/Object.js"/>
      <module name="jquery.sap.global.js"/>
    </requires>
  </module>
  <module name="sap/m/BarRenderer.js" size="4858" compressedSize="2061">
    <description>! SAP UI development toolkit for HTML5 (SAPUI5/OpenUI5) (c) Copyright 2009-2015 SAP SE or an SAP affiliate company. Licensed under the Apache License, Version 2.0 - see LICENSE.txt.</description>
    <requires>
      <module name="jquery.sap.global.js"/>
      <module name="sap/m/BarInPageEnabler.js"/>
    </requires>
  </module>
  <module name="sap/m/BusyDialog.js" size="13169" compressedSize="7112">
    <description>Provides control sap.m.BusyDialog.</description>
    <requires>
      <module name="jquery.sap.global.js"/>
      <module name="sap/m/library.js"/>
      <module name="sap/ui/core/Control.js"/>
      <module name="sap/ui/core/Popup.js"/>
      <module name="sap/ui/core/theming/Parameters.js"/>
    </requires>
  </module>
  <module name="sap/m/BusyDialogRenderer.js" size="2008" compressedSize="1109">
    <description>! SAP UI development toolkit for HTML5 (SAPUI5/OpenUI5) (c) Copyright 2009-2015 SAP SE or an SAP affiliate company. Licensed under the Apache License, Version 2.0 - see LICENSE.txt.</description>
    <requires>
      <module name="jquery.sap.global.js"/>
    </requires>
  </module>
  <module name="sap/m/BusyIndicator.js" size="14082" compressedSize="7190">
    <description>Provides control sap.m.BusyIndicator.</description>
    <requires>
      <module name="jquery.sap.global.js"/>
      <module name="sap/m/library.js"/>
      <module name="sap/ui/core/Control.js"/>
      <module name="sap/ui/core/theming/Parameters.js"/>
    </requires>
  </module>
  <module name="sap/m/BusyIndicatorRenderer.js" size="3153" compressedSize="1817">
    <description>! SAP UI development toolkit for HTML5 (SAPUI5/OpenUI5) (c) Copyright 2009-2015 SAP SE or an SAP affiliate company. Licensed under the Apache License, Version 2.0 - see LICENSE.txt.</description>
    <requires>
      <module name="jquery.sap.global.js"/>
    </requires>
  </module>
  <module name="sap/m/Button.js" size="20698" compressedSize="9072">
    <description>Provides control sap.m.Button.</description>
    <requires>
      <module name="jquery.sap.global.js"/>
      <module name="sap/m/library.js"/>
      <module name="sap/ui/core/Control.js"/>
      <module name="sap/ui/core/EnabledPropagator.js"/>
      <module name="sap/ui/core/IconPool.js"/>
      <module name="sap/ui/core/theming/Parameters.js"/>
    </requires>
  </module>
  <module name="sap/m/ButtonRenderer.js" size="7057" compressedSize="3386">
    <description>! SAP UI development toolkit for HTML5 (SAPUI5/OpenUI5) (c) Copyright 2009-2015 SAP SE or an SAP affiliate company. Licensed under the Apache License, Version 2.0 - see LICENSE.txt.</description>
    <requires>
      <module name="jquery.sap.global.js"/>
    </requires>
  </module>
  <module name="sap/m/Carousel.js" size="32168" compressedSize="12779">
    <description>Provides control sap.m.Carousel.</description>
    <requires>
      <module name="jquery.sap.global.js"/>
      <module name="sap/m/library.js"/>
      <module name="sap/ui/core/Control.js"/>
      <module name="sap/ui/thirdparty/mobify-carousel.js"/>
    </requires>
  </module>
  <module name="sap/m/CarouselRenderer.js" size="4248" compressedSize="2191">
    <description>! SAP UI development toolkit for HTML5 (SAPUI5/OpenUI5) (c) Copyright 2009-2015 SAP SE or an SAP affiliate company. Licensed under the Apache License, Version 2.0 - see LICENSE.txt.</description>
    <requires>
      <module name="jquery.sap.global.js"/>
    </requires>
  </module>
  <module name="sap/m/CheckBox.js" size="7946" compressedSize="3545">
    <description>Provides control sap.m.CheckBox.</description>
    <requires>
      <module name="jquery.sap.global.js"/>
      <module name="sap/m/Label.js"/>
      <module name="sap/m/library.js"/>
      <module name="sap/ui/core/Control.js"/>
      <module name="sap/ui/core/EnabledPropagator.js"/>
    </requires>
  </module>
  <module name="sap/m/CheckBoxRenderer.js" size="2834" compressedSize="1488">
    <description>! SAP UI development toolkit for HTML5 (SAPUI5/OpenUI5) (c) Copyright 2009-2015 SAP SE or an SAP affiliate company. Licensed under the Apache License, Version 2.0 - see LICENSE.txt.</description>
    <requires>
      <module name="jquery.sap.global.js"/>
      <module name="sap/ui/core/ValueStateSupport.js"/>
    </requires>
  </module>
  <module name="sap/m/Column.js" size="19275" compressedSize="7349">
    <description>Provides control sap.m.Column.</description>
    <requires>
      <module name="jquery.sap.global.js"/>
      <module name="sap/m/library.js"/>
      <module name="sap/ui/core/Element.js"/>
      <module name="sap/ui/core/Renderer.js"/>
    </requires>
  </module>
  <module name="sap/m/ColumnListItem.js" size="7836" compressedSize="2987">
    <description>Provides control sap.m.ColumnListItem.</description>
    <requires>
      <module name="jquery.sap.global.js"/>
      <module name="sap/m/ListItemBase.js"/>
      <module name="sap/m/library.js"/>
    </requires>
  </module>
  <module name="sap/m/ColumnListItemRenderer.js" size="7993" compressedSize="3941">
    <description>! SAP UI development toolkit for HTML5 (SAPUI5/OpenUI5) (c) Copyright 2009-2015 SAP SE or an SAP affiliate company. Licensed under the Apache License, Version 2.0 - see LICENSE.txt.</description>
    <requires>
      <module name="jquery.sap.global.js"/>
      <module name="sap/m/ListItemBaseRenderer.js"/>
      <module name="sap/m/ListRenderer.js"/>
      <module name="sap/ui/core/Renderer.js"/>
    </requires>
  </module>
  <module name="sap/m/ComboBox.js" size="36035" compressedSize="12409">
    <description>Provides control sap.m.ComboBox.</description>
    <requires>
      <module name="jquery.sap.global.js"/>
      <module name="sap/m/ComboBoxBase.js"/>
      <module name="sap/m/ComboBoxRenderer.js"/>
      <module name="sap/m/library.js"/>
    </requires>
  </module>
  <module name="sap/m/ComboBoxBase.js" size="25193" compressedSize="6881">
    <description>Provides control sap.m.ComboBoxBase.</description>
    <requires>
      <module name="jquery.sap.global.js"/>
      <module name="sap/m/Bar.js"/>
      <module name="sap/m/ComboBoxBaseRenderer.js"/>
      <module name="sap/m/Dialog.js"/>
      <module name="sap/m/InputBase.js"/>
      <module name="sap/m/List.js"/>
      <module name="sap/m/Popover.js"/>
      <module name="sap/m/library.js"/>
      <module name="sap/ui/core/EnabledPropagator.js"/>
      <module name="sap/ui/core/IconPool.js"/>
    </requires>
  </module>
  <module name="sap/m/ComboBoxBaseRenderer.js" size="5129" compressedSize="1417">
    <description>! SAP UI development toolkit for HTML5 (SAPUI5/OpenUI5) (c) Copyright 2009-2015 SAP SE or an SAP affiliate company. Licensed under the Apache License, Version 2.0 - see LICENSE.txt.</description>
    <requires>
      <module name="jquery.sap.global.js"/>
      <module name="sap/m/InputBaseRenderer.js"/>
      <module name="sap/ui/core/Renderer.js"/>
    </requires>
  </module>
  <module name="sap/m/ComboBoxRenderer.js" size="2505" compressedSize="915">
    <description>! SAP UI development toolkit for HTML5 (SAPUI5/OpenUI5) (c) Copyright 2009-2015 SAP SE or an SAP affiliate company. Licensed under the Apache License, Version 2.0 - see LICENSE.txt.</description>
    <requires>
      <module name="jquery.sap.global.js"/>
      <module name="sap/m/ComboBoxBaseRenderer.js"/>
      <module name="sap/ui/core/Renderer.js"/>
    </requires>
  </module>
  <module name="sap/m/CustomListItem.js" size="1613" compressedSize="515">
    <description>Provides control sap.m.CustomListItem.</description>
    <requires>
      <module name="jquery.sap.global.js"/>
      <module name="sap/m/ListItemBase.js"/>
      <module name="sap/m/library.js"/>
    </requires>
  </module>
  <module name="sap/m/CustomListItemRenderer.js" size="1258" compressedSize="519">
    <description>! SAP UI development toolkit for HTML5 (SAPUI5/OpenUI5) (c) Copyright 2009-2015 SAP SE or an SAP affiliate company. Licensed under the Apache License, Version 2.0 - see LICENSE.txt.</description>
    <requires>
      <module name="jquery.sap.global.js"/>
      <module name="sap/m/ListItemBaseRenderer.js"/>
      <module name="sap/ui/core/Renderer.js"/>
    </requires>
  </module>
  <module name="sap/m/CustomTile.js" size="1294" compressedSize="461">
    <description>Provides control sap.m.CustomTile.</description>
    <requires>
      <module name="jquery.sap.global.js"/>
      <module name="sap/m/Tile.js"/>
      <module name="sap/m/library.js"/>
    </requires>
  </module>
  <module name="sap/m/CustomTileRenderer.js" size="1703" compressedSize="920">
    <description>! SAP UI development toolkit for HTML5 (SAPUI5/OpenUI5) (c) Copyright 2009-2015 SAP SE or an SAP affiliate company. Licensed under the Apache License, Version 2.0 - see LICENSE.txt.</description>
    <requires>
      <module name="jquery.sap.global.js"/>
      <module name="sap/m/TileRenderer.js"/>
    </requires>
  </module>
  <module name="sap/m/DatePicker.js" size="23637" compressedSize="11273">
    <description>Provides control sap.m.DatePicker.</description>
    <requires>
      <module name="jquery.sap.global.js"/>
      <module name="sap/m/InputBase.js"/>
      <module name="sap/m/library.js"/>
      <module name="sap/ui/model/type/Date.js"/>
    </requires>
  </module>
  <module name="sap/m/DatePickerRenderer.js" size="3866" compressedSize="1603">
    <description>! SAP UI development toolkit for HTML5 (SAPUI5/OpenUI5) (c) Copyright 2009-2015 SAP SE or an SAP affiliate company. Licensed under the Apache License, Version 2.0 - see LICENSE.txt.</description>
    <requires>
      <module name="jquery.sap.global.js"/>
      <module name="sap/ui/core/Renderer.js"/>
      <module name="sap/m/InputBaseRenderer.js"/>
    </requires>
  </module>
  <module name="sap/m/DateRangeSelection.js" size="21512" compressedSize="8562">
    <description>Provides control sap.m.DateRangeSelection.</description>
    <requires>
      <module name="jquery.sap.global.js"/>
      <module name="sap/m/DatePicker.js"/>
      <module name="sap/m/library.js"/>
    </requires>
  </module>
  <module name="sap/m/DateRangeSelectionRenderer.js" size="1023" compressedSize="467">
    <description>! SAP UI development toolkit for HTML5 (SAPUI5/OpenUI5) (c) Copyright 2009-2015 SAP SE or an SAP affiliate company. Licensed under the Apache License, Version 2.0 - see LICENSE.txt.</description>
    <requires>
      <module name="jquery.sap.global.js"/>
      <module name="sap/ui/core/Renderer.js"/>
      <module name="sap/m/DatePickerRenderer.js"/>
    </requires>
  </module>
  <module name="sap/m/DateTimeInput.js" size="29712" compressedSize="12673">
    <description>Provides control sap.m.DateTimeInput.</description>
    <requires>
      <module name="jquery.sap.global.js"/>
      <module name="sap/m/InputBase.js"/>
      <module name="sap/m/InstanceManager.js"/>
      <module name="sap/m/library.js"/>
      <module name="sap/ui/core/IconPool.js"/>
      <module name="sap/ui/core/theming/Parameters.js"/>
      <module name="sap/ui/model/type/Date.js"/>
      <module name="sap/ui/thirdparty/mobiscroll/js/mobiscroll-core.js"/>
      <module name="sap/ui/thirdparty/mobiscroll/js/mobiscroll-datetime.js"/>
      <module name="sap/ui/thirdparty/mobiscroll/js/mobiscroll-scroller.js"/>
    </requires>
  </module>
  <module name="sap/m/DateTimeInputRenderer.js" size="1823" compressedSize="561">
    <description>! SAP UI development toolkit for HTML5 (SAPUI5/OpenUI5) (c) Copyright 2009-2015 SAP SE or an SAP affiliate company. Licensed under the Apache License, Version 2.0 - see LICENSE.txt.</description>
    <requires>
      <module name="jquery.sap.global.js"/>
      <module name="sap/ui/core/Renderer.js"/>
      <module name="sap/m/InputBaseRenderer.js"/>
    </requires>
  </module>
  <module name="sap/m/Dialog.js" size="55149" compressedSize="23353">
    <description>Provides control sap.m.Dialog.</description>
    <requires>
      <module name="jquery.sap.global.js"/>
      <module name="sap/m/Bar.js"/>
      <module name="sap/m/InstanceManager.js"/>
      <module name="sap/m/Toolbar.js"/>
      <module name="sap/m/ToolbarSpacer.js"/>
      <module name="sap/m/library.js"/>
      <module name="sap/ui/core/Control.js"/>
      <module name="sap/ui/core/IconPool.js"/>
      <module name="sap/ui/core/Popup.js"/>
      <module name="sap/ui/core/delegate/ScrollEnablement.js"/>
      <module name="sap/ui/core/theming/Parameters.js"/>
    </requires>
  </module>
  <module name="sap/m/DialogRenderer.js" size="4834" compressedSize="2636">
    <description>! SAP UI development toolkit for HTML5 (SAPUI5/OpenUI5) (c) Copyright 2009-2015 SAP SE or an SAP affiliate company. Licensed under the Apache License, Version 2.0 - see LICENSE.txt.</description>
    <requires>
      <module name="jquery.sap.global.js"/>
      <module name="sap/m/BarRenderer.js"/>
    </requires>
  </module>
  <module name="sap/m/DisplayListItem.js" size="1663" compressedSize="617">
    <description>Provides control sap.m.DisplayListItem.</description>
    <requires>
      <module name="jquery.sap.global.js"/>
      <module name="sap/m/ListItemBase.js"/>
      <module name="sap/m/library.js"/>
    </requires>
  </module>
  <module name="sap/m/DisplayListItemRenderer.js" size="1734" compressedSize="842">
    <description>! SAP UI development toolkit for HTML5 (SAPUI5/OpenUI5) (c) Copyright 2009-2015 SAP SE or an SAP affiliate company. Licensed under the Apache License, Version 2.0 - see LICENSE.txt.</description>
    <requires>
      <module name="jquery.sap.global.js"/>
      <module name="sap/m/ListItemBaseRenderer.js"/>
      <module name="sap/ui/core/Renderer.js"/>
    </requires>
  </module>
  <module name="sap/m/FacetFilter.js" size="62718" compressedSize="28085">
    <description>Provides control sap.m.FacetFilter.</description>
    <requires>
      <module name="jquery.sap.global.js"/>
      <module name="sap/m/NavContainer.js"/>
      <module name="sap/m/library.js"/>
      <module name="sap/ui/core/Control.js"/>
      <module name="sap/ui/core/IconPool.js"/>
      <module name="sap/ui/core/delegate/ItemNavigation.js"/>
    </requires>
  </module>
  <module name="sap/m/FacetFilterItem.js" size="2253" compressedSize="838">
    <description>Provides control sap.m.FacetFilterItem.</description>
    <requires>
      <module name="jquery.sap.global.js"/>
      <module name="sap/m/ListItemBase.js"/>
      <module name="sap/m/library.js"/>
    </requires>
  </module>
  <module name="sap/m/FacetFilterItemRenderer.js" size="1031" compressedSize="410">
    <description>@copyright</description>
    <requires>
      <module name="jquery.sap.global.js"/>
      <module name="sap/m/ListItemBaseRenderer.js"/>
      <module name="sap/ui/core/Renderer.js"/>
    </requires>
  </module>
  <module name="sap/m/FacetFilterList.js" size="22878" compressedSize="8119">
    <description>Provides control sap.m.FacetFilterList.</description>
    <requires>
      <module name="jquery.sap.global.js"/>
      <module name="sap/m/List.js"/>
      <module name="sap/m/library.js"/>
    </requires>
  </module>
  <module name="sap/m/FacetFilterListRenderer.js" size="605" compressedSize="338">
    <description>! SAP UI development toolkit for HTML5 (SAPUI5/OpenUI5) (c) Copyright 2009-2015 SAP SE or an SAP affiliate company. Licensed under the Apache License, Version 2.0 - see LICENSE.txt.</description>
    <requires>
      <module name="jquery.sap.global.js"/>
      <module name="sap/m/ListRenderer.js"/>
      <module name="sap/ui/core/Renderer.js"/>
    </requires>
  </module>
  <module name="sap/m/FacetFilterRenderer.js" size="3661" compressedSize="1551">
    <description>@copyright</description>
    <requires>
      <module name="jquery.sap.global.js"/>
    </requires>
  </module>
  <module name="sap/m/FeedInput.js" size="8325" compressedSize="3609">
    <description>Provides control sap.m.FeedInput.</description>
    <requires>
      <module name="jquery.sap.global.js"/>
      <module name="sap/m/library.js"/>
      <module name="sap/ui/core/Control.js"/>
      <module name="sap/ui/core/HTML.js"/>
      <module name="sap/ui/core/IconPool.js"/>
    </requires>
  </module>
  <module name="sap/m/FeedInputRenderer.js" size="1700" compressedSize="966">
    <description>! SAP UI development toolkit for HTML5 (SAPUI5/OpenUI5) (c) Copyright 2009-2015 SAP SE or an SAP affiliate company. Licensed under the Apache License, Version 2.0 - see LICENSE.txt.</description>
    <requires>
      <module name="jquery.sap.global.js"/>
    </requires>
  </module>
  <module name="sap/m/FeedListItem.js" size="11979" compressedSize="5057">
    <description>Provides control sap.m.FeedListItem.</description>
    <requires>
      <module name="jquery.sap.global.js"/>
      <module name="sap/m/ListItemBase.js"/>
      <module name="sap/m/library.js"/>
    </requires>
  </module>
  <module name="sap/m/FeedListItemRenderer.js" size="6999" compressedSize="3851">
    <description>Provides default renderer for the sap.m.FeedListItem</description>
    <requires>
      <module name="jquery.sap.global.js"/>
      <module name="sap/m/ListItemBaseRenderer.js"/>
      <module name="sap/ui/core/Renderer.js"/>
    </requires>
  </module>
  <module name="sap/m/FlexBox.js" size="8589" compressedSize="3944">
    <description>Provides control sap.m.FlexBox.</description>
    <requires>
      <module name="jquery.sap.global.js"/>
      <module name="sap/m/FlexBoxStylingHelper.js"/>
      <module name="sap/m/library.js"/>
      <module name="sap/ui/core/Control.js"/>
    </requires>
  </module>
  <module name="sap/m/FlexBoxCssPropertyMap.js" size="3657" compressedSize="2549">
    <description>! SAP UI development toolkit for HTML5 (SAPUI5/OpenUI5) (c) Copyright 2009-2015 SAP SE or an SAP affiliate company. Licensed under the Apache License, Version 2.0 - see LICENSE.txt.</description>
    <requires>
      <module name="jquery.sap.global.js"/>
    </requires>
  </module>
  <module name="sap/m/FlexBoxRenderer.js" size="4608" compressedSize="2386">
    <description>! SAP UI development toolkit for HTML5 (SAPUI5/OpenUI5) (c) Copyright 2009-2015 SAP SE or an SAP affiliate company. Licensed under the Apache License, Version 2.0 - see LICENSE.txt.</description>
    <requires>
      <module name="jquery.sap.global.js"/>
      <module name="sap/m/FlexBoxStylingHelper.js"/>
    </requires>
  </module>
  <module name="sap/m/FlexBoxStylingHelper.js" size="11910" compressedSize="3453">
    <description>! SAP UI development toolkit for HTML5 (SAPUI5/OpenUI5) (c) Copyright 2009-2015 SAP SE or an SAP affiliate company. Licensed under the Apache License, Version 2.0 - see LICENSE.txt.</description>
    <requires>
      <module name="jquery.sap.global.js"/>
      <module name="sap/m/FlexBoxCssPropertyMap.js"/>
    </requires>
  </module>
  <module name="sap/m/FlexItemData.js" size="3472" compressedSize="1222">
    <description>Provides control sap.m.FlexItemData.</description>
    <requires>
      <module name="jquery.sap.global.js"/>
      <module name="sap/m/FlexBoxStylingHelper.js"/>
      <module name="sap/m/library.js"/>
      <module name="sap/ui/core/LayoutData.js"/>
    </requires>
  </module>
  <module name="sap/m/GroupHeaderListItem.js" size="3331" compressedSize="1126">
    <description>Provides control sap.m.GroupHeaderListItem.</description>
    <requires>
      <module name="jquery.sap.global.js"/>
      <module name="sap/m/ListItemBase.js"/>
      <module name="sap/m/library.js"/>
    </requires>
  </module>
  <module name="sap/m/GroupHeaderListItemRenderer.js" size="3585" compressedSize="1569">
    <description>! SAP UI development toolkit for HTML5 (SAPUI5/OpenUI5) (c) Copyright 2009-2015 SAP SE or an SAP affiliate company. Licensed under the Apache License, Version 2.0 - see LICENSE.txt.</description>
    <requires>
      <module name="jquery.sap.global.js"/>
      <module name="sap/m/ListItemBaseRenderer.js"/>
      <module name="sap/ui/core/Renderer.js"/>
    </requires>
  </module>
  <module name="sap/m/GrowingEnablement.js" size="26258" compressedSize="12271">
    <description>Provides class sap.m.GrowingEnablement</description>
    <requires>
      <module name="jquery.sap.global.js"/>
      <module name="sap/ui/base/Object.js"/>
    </requires>
  </module>
  <module name="sap/m/GrowingList.js" size="3554" compressedSize="1120">
    <description>Provides control sap.m.GrowingList.</description>
    <requires>
      <module name="jquery.sap.global.js"/>
      <module name="sap/m/List.js"/>
      <module name="sap/m/library.js"/>
    </requires>
  </module>
  <module name="sap/m/GrowingListRenderer.js" size="1081" compressedSize="592">
    <description>! SAP UI development toolkit for HTML5 (SAPUI5/OpenUI5) (c) Copyright 2009-2015 SAP SE or an SAP affiliate company. Licensed under the Apache License, Version 2.0 - see LICENSE.txt.</description>
    <requires>
      <module name="jquery.sap.global.js"/>
      <module name="sap/m/ListRenderer.js"/>
      <module name="sap/ui/core/Renderer.js"/>
    </requires>
  </module>
  <module name="sap/m/HBox.js" size="1205" compressedSize="362">
    <description>Provides control sap.m.HBox.</description>
    <requires>
      <module name="jquery.sap.global.js"/>
      <module name="sap/m/FlexBox.js"/>
      <module name="sap/m/library.js"/>
    </requires>
  </module>
  <module name="sap/m/HBoxRenderer.js" size="878" compressedSize="359">
    <description>! SAP UI development toolkit for HTML5 (SAPUI5/OpenUI5) (c) Copyright 2009-2015 SAP SE or an SAP affiliate company. Licensed under the Apache License, Version 2.0 - see LICENSE.txt.</description>
    <requires>
      <module name="jquery.sap.global.js"/>
      <module name="sap/m/FlexBoxRenderer.js"/>
    </requires>
  </module>
  <module name="sap/m/IconTabBar.js" size="16627" compressedSize="5597">
    <description>Provides control sap.m.IconTabBar.</description>
    <requires>
      <module name="jquery.sap.global.js"/>
      <module name="sap/m/library.js"/>
      <module name="sap/ui/core/Control.js"/>
    </requires>
  </module>
  <module name="sap/m/IconTabBarRenderer.js" size="2780" compressedSize="1398">
    <description>! SAP UI development toolkit for HTML5 (SAPUI5/OpenUI5) (c) Copyright 2009-2015 SAP SE or an SAP affiliate company. Licensed under the Apache License, Version 2.0 - see LICENSE.txt.</description>
    <requires>
      <module name="jquery.sap.global.js"/>
      <module name="sap/ui/core/IconPool.js"/>
    </requires>
  </module>
  <module name="sap/m/IconTabFilter.js" size="5991" compressedSize="2209">
    <description>Provides control sap.m.IconTabFilter.</description>
    <requires>
      <module name="jquery.sap.global.js"/>
      <module name="sap/m/library.js"/>
      <module name="sap/ui/core/Item.js"/>
    </requires>
  </module>
  <module name="sap/m/IconTabHeader.js" size="33533" compressedSize="15197">
    <description>Provides control sap.m.IconTabHeader.</description>
    <requires>
      <module name="jquery.sap.global.js"/>
      <module name="sap/m/library.js"/>
      <module name="sap/ui/core/Control.js"/>
      <module name="sap/ui/core/EnabledPropagator.js"/>
      <module name="sap/ui/core/delegate/ItemNavigation.js"/>
    </requires>
  </module>
  <module name="sap/m/IconTabHeaderRenderer.js" size="7239" compressedSize="4242">
    <description>! SAP UI development toolkit for HTML5 (SAPUI5/OpenUI5) (c) Copyright 2009-2015 SAP SE or an SAP affiliate company. Licensed under the Apache License, Version 2.0 - see LICENSE.txt.</description>
    <requires>
      <module name="jquery.sap.global.js"/>
      <module name="sap/ui/core/IconPool.js"/>
    </requires>
  </module>
  <module name="sap/m/IconTabSeparator.js" size="2643" compressedSize="965">
    <description>Provides control sap.m.IconTabSeparator.</description>
    <requires>
      <module name="jquery.sap.global.js"/>
      <module name="sap/m/library.js"/>
      <module name="sap/ui/core/Element.js"/>
    </requires>
  </module>
  <module name="sap/m/Image.js" size="13584" compressedSize="4320">
    <description>Provides control sap.m.Image.</description>
    <requires>
      <module name="jquery.sap.global.js"/>
      <module name="sap/m/library.js"/>
      <module name="sap/ui/core/Control.js"/>
    </requires>
  </module>
  <module name="sap/m/ImageRenderer.js" size="2792" compressedSize="1256">
    <description>Provides default renderer for control sap.m.Image</description>
    <requires>
      <module name="jquery.sap.global.js"/>
    </requires>
  </module>
  <module name="sap/m/Input.js" size="57790" compressedSize="24497">
    <description>Provides control sap.m.Input.</description>
    <requires>
      <module name="jquery.sap.global.js"/>
      <module name="sap/m/Bar.js"/>
      <module name="sap/m/Dialog.js"/>
      <module name="sap/m/InputBase.js"/>
      <module name="sap/m/List.js"/>
      <module name="sap/m/Popover.js"/>
      <module name="sap/m/StandardListItem.js"/>
      <module name="sap/m/Table.js"/>
      <module name="sap/m/Toolbar.js"/>
      <module name="sap/m/ToolbarSpacer.js"/>
      <module name="sap/m/library.js"/>
      <module name="sap/ui/core/IconPool.js"/>
      <module name="jquery.sap.strings.js"/>
    </requires>
  </module>
  <module name="sap/m/InputBase.js" size="27268" compressedSize="9458">
    <description>Provides control sap.m.InputBase.</description>
    <requires>
      <module name="jquery.sap.global.js"/>
      <module name="sap/m/library.js"/>
      <module name="sap/ui/core/Control.js"/>
      <module name="sap/ui/core/EnabledPropagator.js"/>
      <module name="sap/ui/core/IconPool.js"/>
      <module name="sap/ui/core/Popup.js"/>
    </requires>
  </module>
  <module name="sap/m/InputBaseRenderer.js" size="11043" compressedSize="3368">
    <description>! SAP UI development toolkit for HTML5 (SAPUI5/OpenUI5) (c) Copyright 2009-2015 SAP SE or an SAP affiliate company. Licensed under the Apache License, Version 2.0 - see LICENSE.txt.</description>
    <requires>
      <module name="jquery.sap.global.js"/>
      <module name="sap/ui/core/Renderer.js"/>
      <module name="sap/ui/core/ValueStateSupport.js"/>
    </requires>
  </module>
  <module name="sap/m/InputListItem.js" size="1463" compressedSize="580">
    <description>Provides control sap.m.InputListItem.</description>
    <requires>
      <module name="jquery.sap.global.js"/>
      <module name="sap/m/ListItemBase.js"/>
      <module name="sap/m/library.js"/>
    </requires>
  </module>
  <module name="sap/m/InputListItemRenderer.js" size="1570" compressedSize="728">
    <description>! SAP UI development toolkit for HTML5 (SAPUI5/OpenUI5) (c) Copyright 2009-2015 SAP SE or an SAP affiliate company. Licensed under the Apache License, Version 2.0 - see LICENSE.txt.</description>
    <requires>
      <module name="jquery.sap.global.js"/>
      <module name="sap/m/ListItemBaseRenderer.js"/>
      <module name="sap/ui/core/Renderer.js"/>
    </requires>
  </module>
  <module name="sap/m/InputRenderer.js" size="4884" compressedSize="1816">
    <description>! SAP UI development toolkit for HTML5 (SAPUI5/OpenUI5) (c) Copyright 2009-2015 SAP SE or an SAP affiliate company. Licensed under the Apache License, Version 2.0 - see LICENSE.txt.</description>
    <requires>
      <module name="jquery.sap.global.js"/>
      <module name="sap/ui/core/Renderer.js"/>
      <module name="sap/m/InputBaseRenderer.js"/>
    </requires>
  </module>
  <module name="sap/m/InstanceManager.js" size="11382" compressedSize="2192">
    <description>Provides class sap.m.InstanceManager</description>
    <requires>
      <module name="jquery.sap.global.js"/>
    </requires>
  </module>
  <module name="sap/m/Label.js" size="3384" compressedSize="1476">
    <description>Provides control sap.m.Label.</description>
    <requires>
      <module name="jquery.sap.global.js"/>
      <module name="sap/m/library.js"/>
      <module name="sap/ui/core/Control.js"/>
      <module name="sap/ui/core/LabelEnablement.js"/>
    </requires>
  </module>
  <module name="sap/m/LabelRenderer.js" size="2694" compressedSize="1361">
    <description>! SAP UI development toolkit for HTML5 (SAPUI5/OpenUI5) (c) Copyright 2009-2015 SAP SE or an SAP affiliate company. Licensed under the Apache License, Version 2.0 - see LICENSE.txt.</description>
    <requires>
      <module name="jquery.sap.global.js"/>
      <module name="sap/ui/core/Renderer.js"/>
    </requires>
  </module>
  <module name="sap/m/Link.js" size="9519" compressedSize="3942">
    <description>Provides control sap.m.Link.</description>
    <requires>
      <module name="jquery.sap.global.js"/>
      <module name="sap/m/library.js"/>
      <module name="sap/ui/core/Control.js"/>
      <module name="sap/ui/core/EnabledPropagator.js"/>
    </requires>
  </module>
  <module name="sap/m/LinkRenderer.js" size="3195" compressedSize="1719">
    <description>! SAP UI development toolkit for HTML5 (SAPUI5/OpenUI5) (c) Copyright 2009-2015 SAP SE or an SAP affiliate company. Licensed under the Apache License, Version 2.0 - see LICENSE.txt.</description>
    <requires>
      <module name="jquery.sap.global.js"/>
      <module name="sap/ui/core/Renderer.js"/>
    </requires>
  </module>
  <module name="sap/m/List.js" size="2944" compressedSize="1137">
    <description>Provides control sap.m.List.</description>
    <requires>
      <module name="jquery.sap.global.js"/>
      <module name="sap/m/ListBase.js"/>
      <module name="sap/m/library.js"/>
    </requires>
  </module>
  <module name="sap/m/ListBase.js" size="55450" compressedSize="23761">
    <description>Provides control sap.m.ListBase.</description>
    <requires>
      <module name="jquery.sap.global.js"/>
      <module name="sap/m/GroupHeaderListItem.js"/>
      <module name="sap/m/library.js"/>
      <module name="sap/ui/core/Control.js"/>
      <module name="sap/ui/core/delegate/ItemNavigation.js"/>
      <module name="sap/ui/core/theming/Parameters.js"/>
    </requires>
  </module>
  <module name="sap/m/ListBaseRenderer.js" size="8790" compressedSize="3578">
    <description>! SAP UI development toolkit for HTML5 (SAPUI5/OpenUI5) (c) Copyright 2009-2015 SAP SE or an SAP affiliate company. Licensed under the Apache License, Version 2.0 - see LICENSE.txt.</description>
    <requires>
      <module name="jquery.sap.global.js"/>
      <module name="sap/ui/core/theming/Parameters.js"/>
    </requires>
  </module>
  <module name="sap/m/ListItemBase.js" size="22129" compressedSize="9982">
    <description>Provides control sap.m.ListItemBase.</description>
    <requires>
      <module name="jquery.sap.global.js"/>
      <module name="sap/m/library.js"/>
      <module name="sap/ui/core/Control.js"/>
    </requires>
  </module>
  <module name="sap/m/ListItemBaseRenderer.js" size="11813" compressedSize="4608">
    <description>! SAP UI development toolkit for HTML5 (SAPUI5/OpenUI5) (c) Copyright 2009-2015 SAP SE or an SAP affiliate company. Licensed under the Apache License, Version 2.0 - see LICENSE.txt.</description>
    <requires>
      <module name="jquery.sap.global.js"/>
      <module name="sap/ui/core/IconPool.js"/>
      <module name="sap/ui/core/theming/Parameters.js"/>
    </requires>
  </module>
  <module name="sap/m/ListRenderer.js" size="1637" compressedSize="733">
    <description>! SAP UI development toolkit for HTML5 (SAPUI5/OpenUI5) (c) Copyright 2009-2015 SAP SE or an SAP affiliate company. Licensed under the Apache License, Version 2.0 - see LICENSE.txt.</description>
    <requires>
      <module name="jquery.sap.global.js"/>
      <module name="sap/ui/core/Renderer.js"/>
      <module name="sap/m/ListBaseRenderer.js"/>
    </requires>
  </module>
  <module name="sap/m/MessageBox.js" size="22623" compressedSize="4602">
    <description>Provides class sap.m.MessageBox</description>
    <requires>
      <module name="jquery.sap.global.js"/>
      <module name="sap/m/Button.js"/>
      <module name="sap/m/Dialog.js"/>
      <module name="sap/m/Text.js"/>
      <module name="sap/ui/core/IconPool.js"/>
      <module name="sap/ui/core/theming/Parameters.js"/>
    </requires>
  </module>
  <module name="sap/m/MessagePage.js" size="8911" compressedSize="4298">
    <description>Provides control sap.m.MessagePage.</description>
    <requires>
      <module name="jquery.sap.global.js"/>
      <module name="sap/m/library.js"/>
      <module name="sap/ui/core/Control.js"/>
      <module name="sap/ui/core/IconPool.js"/>
    </requires>
  </module>
  <module name="sap/m/MessagePageRenderer.js" size="1144" compressedSize="469">
    <description>Provides default renderer for control sap.m.MessagePage</description>
    <requires>
      <module name="jquery.sap.global.js"/>
    </requires>
  </module>
  <module name="sap/m/MessagePopover.js" size="25821" compressedSize="11759">
    <description>Provides control sap.m.MessagePopover.</description>
    <requires>
      <module name="jquery.sap.global.js"/>
      <module name="sap/m/ResponsivePopover.js"/>
      <module name="sap/m/Button.js"/>
      <module name="sap/m/Toolbar.js"/>
      <module name="sap/m/ToolbarSpacer.js"/>
      <module name="sap/m/List.js"/>
      <module name="sap/m/StandardListItem.js"/>
      <module name="sap/m/library.js"/>
      <module name="sap/ui/core/Control.js"/>
      <module name="sap/m/PlacementType.js"/>
      <module name="sap/ui/core/IconPool.js"/>
      <module name="sap/ui/core/HTML.js"/>
      <module name="sap/ui/core/Icon.js"/>
      <module name="sap/m/SegmentedButton.js"/>
      <module name="sap/m/Page.js"/>
      <module name="sap/m/NavContainer.js"/>
    </requires>
  </module>
  <module name="sap/m/MessagePopoverItem.js" size="1622" compressedSize="572">
    <description>Provides control sap.m.MessagePopoverItem.</description>
    <requires>
      <module name="jquery.sap.global.js"/>
      <module name="sap/m/library.js"/>
      <module name="sap/ui/core/Item.js"/>
    </requires>
  </module>
  <module name="sap/m/MessagePopoverRenderer.js" size="832" compressedSize="310">
    <description>! SAP UI development toolkit for HTML5 (SAPUI5/OpenUI5) (c) Copyright 2009-2015 SAP SE or an SAP affiliate company. Licensed under the Apache License, Version 2.0 - see LICENSE.txt.</description>
    <requires>
      <module name="jquery.sap.global.js"/>
    </requires>
  </module>
  <module name="sap/m/MessageToast.js" size="16747" compressedSize="6227">
    <description>! SAP UI development toolkit for HTML5 (SAPUI5/OpenUI5) (c) Copyright 2009-2015 SAP SE or an SAP affiliate company. Licensed under the Apache License, Version 2.0 - see LICENSE.txt.</description>
    <requires>
      <module name="jquery.sap.global.js"/>
      <module name="sap/m/InstanceManager.js"/>
      <module name="sap/ui/core/Popup.js"/>
    </requires>
  </module>
  <module name="sap/m/MultiComboBox.js" size="62633" compressedSize="27430">
    <description>Provides control sap.m.MultiComboBox.</description>
    <requires>
      <module name="jquery.sap.global.js"/>
      <module name="sap/m/Bar.js"/>
      <module name="sap/m/ComboBoxBase.js"/>
      <module name="sap/m/Dialog.js"/>
      <module name="sap/m/List.js"/>
      <module name="sap/m/MultiComboBoxRenderer.js"/>
      <module name="sap/m/Popover.js"/>
      <module name="sap/m/library.js"/>
      <module name="sap/ui/core/EnabledPropagator.js"/>
      <module name="sap/ui/core/IconPool.js"/>
      <module name="jquery.sap.xml.js"/>
    </requires>
  </module>
  <module name="sap/m/MultiComboBoxRenderer.js" size="2620" compressedSize="1139">
    <description>! SAP UI development toolkit for HTML5 (SAPUI5/OpenUI5) (c) Copyright 2009-2015 SAP SE or an SAP affiliate company. Licensed under the Apache License, Version 2.0 - see LICENSE.txt.</description>
    <requires>
      <module name="jquery.sap.global.js"/>
      <module name="sap/m/InputBaseRenderer.js"/>
      <module name="sap/ui/core/Renderer.js"/>
      <module name="sap/ui/core/ValueStateSupport.js"/>
    </requires>
  </module>
  <module name="sap/m/MultiInput.js" size="34754" compressedSize="16254">
    <description>Provides control sap.m.MultiInput.</description>
    <requires>
      <module name="jquery.sap.global.js"/>
      <module name="sap/m/Input.js"/>
      <module name="sap/m/Token.js"/>
      <module name="sap/m/library.js"/>
      <module name="sap/ui/core/Item.js"/>
    </requires>
  </module>
  <module name="sap/m/MultiInputRenderer.js" size="2330" compressedSize="1479">
    <description>! SAP UI development toolkit for HTML5 (SAPUI5/OpenUI5) (c) Copyright 2009-2015 SAP SE or an SAP affiliate company. Licensed under the Apache License, Version 2.0 - see LICENSE.txt.</description>
    <requires>
      <module name="jquery.sap.global.js"/>
      <module name="sap/m/InputRenderer.js"/>
      <module name="sap/ui/core/Renderer.js"/>
    </requires>
  </module>
  <module name="sap/m/NavContainer.js" size="74841" compressedSize="22182">
    <description>Provides control sap.m.NavContainer.</description>
    <requires>
      <module name="jquery.sap.global.js"/>
      <module name="sap/m/library.js"/>
      <module name="sap/ui/core/Control.js"/>
      <module name="sap/ui/core/PopupSupport.js"/>
    </requires>
  </module>
  <module name="sap/m/NavContainerRenderer.js" size="1954" compressedSize="851">
    <description>! SAP UI development toolkit for HTML5 (SAPUI5/OpenUI5) (c) Copyright 2009-2015 SAP SE or an SAP affiliate company. Licensed under the Apache License, Version 2.0 - see LICENSE.txt.</description>
    <requires>
      <module name="jquery.sap.global.js"/>
    </requires>
  </module>
  <module name="sap/m/ObjectAttribute.js" size="5072" compressedSize="2026">
    <description>Provides control sap.m.ObjectAttribute.</description>
    <requires>
      <module name="jquery.sap.global.js"/>
      <module name="sap/m/library.js"/>
      <module name="sap/ui/core/Control.js"/>
    </requires>
  </module>
  <module name="sap/m/ObjectAttributeRenderer.js" size="2265" compressedSize="1241">
    <description>@copyright</description>
    <requires>
      <module name="jquery.sap.global.js"/>
    </requires>
  </module>
  <module name="sap/m/ObjectHeader.js" size="27929" compressedSize="12784">
    <description>Provides control sap.m.ObjectHeader.</description>
    <requires>
      <module name="jquery.sap.global.js"/>
      <module name="sap/m/library.js"/>
      <module name="sap/ui/core/Control.js"/>
      <module name="sap/ui/core/IconPool.js"/>
    </requires>
  </module>
  <module name="sap/m/ObjectHeaderRenderer.js" size="46063" compressedSize="17899">
    <description>@copyright</description>
    <requires>
      <module name="jquery.sap.global.js"/>
      <module name="sap/ui/core/IconPool.js"/>
    </requires>
  </module>
  <module name="sap/m/ObjectIdentifier.js" size="10950" compressedSize="4466">
    <description>Provides control sap.m.ObjectIdentifier.</description>
    <requires>
      <module name="jquery.sap.global.js"/>
      <module name="sap/m/library.js"/>
      <module name="sap/ui/core/Control.js"/>
      <module name="sap/ui/core/IconPool.js"/>
    </requires>
  </module>
  <module name="sap/m/ObjectIdentifierRenderer.js" size="3041" compressedSize="1688">
    <description>! SAP UI development toolkit for HTML5 (SAPUI5/OpenUI5) (c) Copyright 2009-2015 SAP SE or an SAP affiliate company. Licensed under the Apache License, Version 2.0 - see LICENSE.txt.</description>
    <requires>
      <module name="jquery.sap.global.js"/>
    </requires>
  </module>
  <module name="sap/m/ObjectListItem.js" size="10227" compressedSize="4544">
    <description>Provides control sap.m.ObjectListItem.</description>
    <requires>
      <module name="jquery.sap.global.js"/>
      <module name="sap/m/ListItemBase.js"/>
      <module name="sap/m/library.js"/>
      <module name="sap/ui/core/IconPool.js"/>
    </requires>
  </module>
  <module name="sap/m/ObjectListItemRenderer.js" size="7616" compressedSize="3718">
    <description>! SAP UI development toolkit for HTML5 (SAPUI5/OpenUI5) (c) Copyright 2009-2015 SAP SE or an SAP affiliate company. Licensed under the Apache License, Version 2.0 - see LICENSE.txt.</description>
    <requires>
      <module name="jquery.sap.global.js"/>
      <module name="sap/m/ListItemBaseRenderer.js"/>
      <module name="sap/ui/core/Renderer.js"/>
    </requires>
  </module>
  <module name="sap/m/ObjectNumber.js" size="4152" compressedSize="1446">
    <description>Provides control sap.m.ObjectNumber.</description>
    <requires>
      <module name="jquery.sap.global.js"/>
      <module name="sap/m/library.js"/>
      <module name="sap/ui/core/Control.js"/>
    </requires>
  </module>
  <module name="sap/m/ObjectNumberRenderer.js" size="3696" compressedSize="1737">
    <description>@copyright</description>
    <requires>
      <module name="jquery.sap.global.js"/>
      <module name="sap/ui/core/Renderer.js"/>
    </requires>
  </module>
  <module name="sap/m/ObjectStatus.js" size="4675" compressedSize="1857">
    <description>Provides control sap.m.ObjectStatus.</description>
    <requires>
      <module name="jquery.sap.global.js"/>
      <module name="sap/m/library.js"/>
      <module name="sap/ui/core/Control.js"/>
      <module name="sap/ui/core/IconPool.js"/>
    </requires>
  </module>
  <module name="sap/m/ObjectStatusRenderer.js" size="2817" compressedSize="1540">
    <description>! SAP UI development toolkit for HTML5 (SAPUI5/OpenUI5) (c) Copyright 2009-2015 SAP SE or an SAP affiliate company. Licensed under the Apache License, Version 2.0 - see LICENSE.txt.</description>
    <requires>
      <module name="jquery.sap.global.js"/>
      <module name="sap/ui/core/ValueStateSupport.js"/>
    </requires>
  </module>
  <module name="sap/m/OverflowToolbar.js" size="23760" compressedSize="9012">
    <description>Provides control sap.m.OverflowToolbar.</description>
    <requires>
      <module name="jquery.sap.global.js"/>
      <module name="sap/m/library.js"/>
      <module name="sap/m/Button.js"/>
      <module name="sap/m/Label.js"/>
      <module name="sap/m/Toolbar.js"/>
      <module name="sap/m/ToolbarSpacer.js"/>
      <module name="sap/m/OverflowToolbarAssociativeActionSheet.js"/>
      <module name="sap/m/OverflowToolbarLayoutData.js"/>
    </requires>
  </module>
  <module name="sap/m/OverflowToolbarAssociativeActionSheet.js" size="7229" compressedSize="2952">
    <description>Provides control sap.m.OverflowToolbarHelpers._OverflowToolbarAssociativeActionSheet.</description>
    <requires>
      <module name="jquery.sap.global.js"/>
      <module name="sap/m/Dialog.js"/>
      <module name="sap/m/Popover.js"/>
      <module name="sap/m/library.js"/>
      <module name="sap/ui/core/Control.js"/>
      <module name="sap/ui/core/delegate/ItemNavigation.js"/>
      <module name="sap/m/ActionSheet.js"/>
      <module name="sap/m/ActionSheetRenderer.js"/>
    </requires>
  </module>
  <module name="sap/m/OverflowToolbarButton.js" size="1600" compressedSize="467">
    <description>Provides control sap.m.OverflowToolbarHelpers._OverflowToolbarButton.</description>
    <requires>
      <module name="sap/m/Button.js"/>
      <module name="sap/m/ButtonRenderer.js"/>
      <module name="jquery.sap.global.js"/>
    </requires>
  </module>
  <module name="sap/m/OverflowToolbarLayoutData.js" size="1428" compressedSize="459">
    <description>Provides control sap.m.OverflowToolbarLayoutData.</description>
    <requires>
      <module name="sap/m/ToolbarLayoutData.js"/>
      <module name="jquery.sap.global.js"/>
    </requires>
  </module>
  <module name="sap/m/OverflowToolbarRenderer.js" size="1214" compressedSize="709">
    <description>! SAP UI development toolkit for HTML5 (SAPUI5/OpenUI5) (c) Copyright 2009-2015 SAP SE or an SAP affiliate company. Licensed under the Apache License, Version 2.0 - see LICENSE.txt.</description>
    <requires>
      <module name="sap/ui/core/Renderer.js"/>
      <module name="sap/m/ToolbarRenderer.js"/>
      <module name="jquery.sap.global.js"/>
    </requires>
  </module>
  <module name="sap/m/P13nColumnsItem.js" size="1857" compressedSize="549">
    <description>Provides control sap.m.P13nColumnsItem.</description>
    <requires>
      <module name="jquery.sap.global.js"/>
      <module name="sap/m/library.js"/>
      <module name="sap/ui/core/Item.js"/>
    </requires>
  </module>
  <module name="sap/m/P13nColumnsPanel.js" size="55965" compressedSize="21214">
    <description>Provides control sap.m.P13nColumnsPanel.</description>
    <requires>
      <module name="jquery.sap.global.js"/>
      <module name="sap/m/ColumnListItem.js"/>
      <module name="sap/m/P13nPanel.js"/>
      <module name="sap/m/P13nColumnsItem.js"/>
      <module name="sap/m/SearchField.js"/>
      <module name="sap/m/Table.js"/>
      <module name="sap/m/library.js"/>
      <module name="sap/ui/core/Control.js"/>
    </requires>
  </module>
  <module name="sap/m/P13nColumnsPanelRenderer.js" size="1124" compressedSize="497">
    <description>! SAP UI development toolkit for HTML5 (SAPUI5/OpenUI5) (c) Copyright 2009-2015 SAP SE or an SAP affiliate company. Licensed under the Apache License, Version 2.0 - see LICENSE.txt.</description>
    <requires>
      <module name="jquery.sap.global.js"/>
    </requires>
  </module>
  <module name="sap/m/P13nConditionPanel.js" size="64503" compressedSize="28959">
    <description>Provides control sap.m.P13nConditionPanel.</description>
    <requires>
      <module name="jquery.sap.global.js"/>
      <module name="sap/m/library.js"/>
      <module name="sap/ui/core/Control.js"/>
      <module name="sap/ui/core/format/DateFormat.js"/>
      <module name="sap/ui/core/format/NumberFormat.js"/>
    </requires>
  </module>
  <module name="sap/m/P13nConditionPanelRenderer.js" size="1430" compressedSize="685">
    <description>! SAP UI development toolkit for HTML5 (SAPUI5/OpenUI5) (c) Copyright 2009-2015 SAP SE or an SAP affiliate company. Licensed under the Apache License, Version 2.0 - see LICENSE.txt.</description>
    <requires>
      <module name="jquery.sap.global.js"/>
    </requires>
  </module>
  <module name="sap/m/P13nDialog.js" size="16082" compressedSize="7431">
    <description>Provides control sap.m.P13nDialog.</description>
    <requires>
      <module name="jquery.sap.global.js"/>
      <module name="sap/m/Dialog.js"/>
      <module name="sap/m/IconTabBar.js"/>
      <module name="sap/m/IconTabFilter.js"/>
      <module name="sap/m/P13nDialogRenderer.js"/>
      <module name="sap/m/library.js"/>
      <module name="sap/ui/core/EnabledPropagator.js"/>
      <module name="jquery.sap.xml.js"/>
    </requires>
  </module>
  <module name="sap/m/P13nDialogRenderer.js" size="1030" compressedSize="583">
    <description>! SAP UI development toolkit for HTML5 (SAPUI5/OpenUI5) (c) Copyright 2009-2015 SAP SE or an SAP affiliate company. Licensed under the Apache License, Version 2.0 - see LICENSE.txt.</description>
    <requires>
      <module name="jquery.sap.global.js"/>
      <module name="sap/ui/core/Renderer.js"/>
      <module name="sap/m/DialogRenderer.js"/>
    </requires>
  </module>
  <module name="sap/m/P13nFilterItem.js" size="1862" compressedSize="672">
    <description>Provides control sap.m.P13nFilterItem.</description>
    <requires>
      <module name="jquery.sap.global.js"/>
      <module name="sap/m/library.js"/>
      <module name="sap/ui/core/Item.js"/>
    </requires>
  </module>
  <module name="sap/m/P13nFilterPanel.js" size="16416" compressedSize="9282">
    <description>Provides control sap.m.P13nFilterPanel.</description>
    <requires>
      <module name="jquery.sap.global.js"/>
      <module name="sap/m/P13nConditionPanel.js"/>
      <module name="sap/m/P13nPanel.js"/>
      <module name="sap/m/library.js"/>
      <module name="sap/ui/core/Control.js"/>
    </requires>
  </module>
  <module name="sap/m/P13nFilterPanelRenderer.js" size="1505" compressedSize="676">
    <description>! SAP UI development toolkit for HTML5 (SAPUI5/OpenUI5) (c) Copyright 2009-2015 SAP SE or an SAP affiliate company. Licensed under the Apache License, Version 2.0 - see LICENSE.txt.</description>
    <requires>
      <module name="jquery.sap.global.js"/>
    </requires>
  </module>
  <module name="sap/m/P13nGroupItem.js" size="1534" compressedSize="569">
    <description>Provides control sap.m.P13nGroupItem.</description>
    <requires>
      <module name="jquery.sap.global.js"/>
      <module name="sap/m/library.js"/>
      <module name="sap/ui/core/Item.js"/>
    </requires>
  </module>
  <module name="sap/m/P13nGroupPanel.js" size="8705" compressedSize="4450">
    <description>Provides control sap.m.P13nGroupPanel.</description>
    <requires>
      <module name="jquery.sap.global.js"/>
      <module name="sap/m/P13nConditionPanel.js"/>
      <module name="sap/m/P13nPanel.js"/>
      <module name="sap/m/library.js"/>
      <module name="sap/ui/core/Control.js"/>
    </requires>
  </module>
  <module name="sap/m/P13nGroupPanelRenderer.js" size="1498" compressedSize="673">
    <description>! SAP UI development toolkit for HTML5 (SAPUI5/OpenUI5) (c) Copyright 2009-2015 SAP SE or an SAP affiliate company. Licensed under the Apache License, Version 2.0 - see LICENSE.txt.</description>
    <requires>
      <module name="jquery.sap.global.js"/>
    </requires>
  </module>
  <module name="sap/m/P13nItem.js" size="2964" compressedSize="885">
    <description>Provides control sap.m.P13nItem.</description>
    <requires>
      <module name="jquery.sap.global.js"/>
      <module name="sap/m/library.js"/>
      <module name="sap/ui/core/Element.js"/>
    </requires>
  </module>
  <module name="sap/m/P13nPanel.js" size="3225" compressedSize="1023">
    <description>Provides control sap.m.P13nPanel.</description>
    <requires>
      <module name="jquery.sap.global.js"/>
      <module name="sap/m/library.js"/>
      <module name="sap/ui/core/Control.js"/>
    </requires>
  </module>
  <module name="sap/m/P13nPanelRenderer.js" size="1042" compressedSize="426">
    <description>! SAP UI development toolkit for HTML5 (SAPUI5/OpenUI5) (c) Copyright 2009-2015 SAP SE or an SAP affiliate company. Licensed under the Apache License, Version 2.0 - see LICENSE.txt.</description>
    <requires>
      <module name="jquery.sap.global.js"/>
    </requires>
  </module>
  <module name="sap/m/P13nSortItem.js" size="1335" compressedSize="505">
    <description>Provides control sap.m.P13nSortItem.</description>
    <requires>
      <module name="jquery.sap.global.js"/>
      <module name="sap/m/library.js"/>
      <module name="sap/ui/core/Item.js"/>
    </requires>
  </module>
  <module name="sap/m/P13nSortPanel.js" size="8158" compressedSize="4156">
    <description>Provides control sap.m.P13nSortPanel.</description>
    <requires>
      <module name="jquery.sap.global.js"/>
      <module name="sap/m/P13nConditionPanel.js"/>
      <module name="sap/m/P13nPanel.js"/>
      <module name="sap/m/library.js"/>
      <module name="sap/ui/core/Control.js"/>
    </requires>
  </module>
  <module name="sap/m/P13nSortPanelRenderer.js" size="1586" compressedSize="698">
    <description>! SAP UI development toolkit for HTML5 (SAPUI5/OpenUI5) (c) Copyright 2009-2015 SAP SE or an SAP affiliate company. Licensed under the Apache License, Version 2.0 - see LICENSE.txt.</description>
    <requires>
      <module name="jquery.sap.global.js"/>
    </requires>
  </module>
  <module name="sap/m/Page.js" size="15687" compressedSize="6780">
    <description>Provides control sap.m.Page.</description>
    <requires>
      <module name="jquery.sap.global.js"/>
      <module name="sap/m/library.js"/>
      <module name="sap/ui/core/Control.js"/>
    </requires>
  </module>
  <module name="sap/m/PageRenderer.js" size="3290" compressedSize="1517">
    <description>! SAP UI development toolkit for HTML5 (SAPUI5/OpenUI5) (c) Copyright 2009-2015 SAP SE or an SAP affiliate company. Licensed under the Apache License, Version 2.0 - see LICENSE.txt.</description>
    <requires>
      <module name="jquery.sap.global.js"/>
    </requires>
  </module>
  <module name="sap/m/Panel.js" size="8210" compressedSize="3508">
    <description>Provides control sap.m.Panel.</description>
    <requires>
      <module name="jquery.sap.global.js"/>
      <module name="sap/m/library.js"/>
      <module name="sap/ui/core/Control.js"/>
      <module name="sap/ui/core/IconPool.js"/>
    </requires>
  </module>
  <module name="sap/m/PanelRenderer.js" size="4087" compressedSize="2037">
    <description>! SAP UI development toolkit for HTML5 (SAPUI5/OpenUI5) (c) Copyright 2009-2015 SAP SE or an SAP affiliate company. Licensed under the Apache License, Version 2.0 - see LICENSE.txt.</description>
    <requires>
      <module name="jquery.sap.global.js"/>
    </requires>
  </module>
  <module name="sap/m/Popover.js" size="72658" compressedSize="30059">
    <description>Provides control sap.m.Popover.</description>
    <requires>
      <module name="jquery.sap.global.js"/>
      <module name="sap/m/Bar.js"/>
      <module name="sap/m/Button.js"/>
      <module name="sap/m/InstanceManager.js"/>
      <module name="sap/m/library.js"/>
      <module name="sap/ui/core/Control.js"/>
      <module name="sap/ui/core/Popup.js"/>
      <module name="sap/ui/core/delegate/ScrollEnablement.js"/>
      <module name="sap/ui/core/theming/Parameters.js"/>
    </requires>
  </module>
  <module name="sap/m/PopoverRenderer.js" size="6830" compressedSize="3585">
    <description>! SAP UI development toolkit for HTML5 (SAPUI5/OpenUI5) (c) Copyright 2009-2015 SAP SE or an SAP affiliate company. Licensed under the Apache License, Version 2.0 - see LICENSE.txt.</description>
    <requires>
      <module name="jquery.sap.global.js"/>
    </requires>
  </module>
  <module name="sap/m/ProgressIndicator.js" size="5587" compressedSize="2476">
    <description>Provides control sap.m.ProgressIndicator.</description>
    <requires>
      <module name="jquery.sap.global.js"/>
      <module name="sap/m/library.js"/>
      <module name="sap/ui/core/Control.js"/>
      <module name="sap/ui/core/ValueStateSupport.js"/>
    </requires>
  </module>
  <module name="sap/m/ProgressIndicatorRenderer.js" size="3364" compressedSize="1691">
    <description>! SAP UI development toolkit for HTML5 (SAPUI5/OpenUI5) (c) Copyright 2009-2015 SAP SE or an SAP affiliate company. Licensed under the Apache License, Version 2.0 - see LICENSE.txt.</description>
    <requires>
      <module name="jquery.sap.global.js"/>
    </requires>
  </module>
  <module name="sap/m/PullToRefresh.js" size="9885" compressedSize="4886">
    <description>Provides control sap.m.PullToRefresh.</description>
    <requires>
      <module name="jquery.sap.global.js"/>
      <module name="sap/m/library.js"/>
      <module name="sap/ui/core/Control.js"/>
      <module name="sap/ui/core/theming/Parameters.js"/>
    </requires>
  </module>
  <module name="sap/m/PullToRefreshRenderer.js" size="2370" compressedSize="1237">
    <description>! SAP UI development toolkit for HTML5 (SAPUI5/OpenUI5) (c) Copyright 2009-2015 SAP SE or an SAP affiliate company. Licensed under the Apache License, Version 2.0 - see LICENSE.txt.</description>
    <requires>
      <module name="jquery.sap.global.js"/>
      <module name="sap/ui/core/IconPool.js"/>
    </requires>
  </module>
  <module name="sap/m/RadioButton.js" size="10606" compressedSize="4266">
    <description>Provides control sap.m.RadioButton.</description>
    <requires>
      <module name="jquery.sap.global.js"/>
      <module name="sap/m/library.js"/>
      <module name="sap/ui/core/Control.js"/>
      <module name="sap/ui/core/EnabledPropagator.js"/>
    </requires>
  </module>
  <module name="sap/m/RadioButtonGroup.js" size="18137" compressedSize="7639">
    <description>Provides control sap.m.RadioButtonGroup.</description>
    <requires>
      <module name="jquery.sap.global.js"/>
      <module name="sap/m/library.js"/>
      <module name="sap/ui/core/Control.js"/>
      <module name="sap/ui/core/delegate/ItemNavigation.js"/>
    </requires>
  </module>
  <module name="sap/m/RadioButtonGroupRenderer.js" size="3337" compressedSize="1486">
    <description>Provides default renderer for control sap.m.RadioButtonGroup</description>
    <requires>
      <module name="jquery.sap.global.js"/>
    </requires>
  </module>
  <module name="sap/m/RadioButtonRenderer.js" size="4202" compressedSize="1964">
    <description>! SAP UI development toolkit for HTML5 (SAPUI5/OpenUI5) (c) Copyright 2009-2015 SAP SE or an SAP affiliate company. Licensed under the Apache License, Version 2.0 - see LICENSE.txt.</description>
    <requires>
      <module name="jquery.sap.global.js"/>
      <module name="sap/ui/core/ValueStateSupport.js"/>
    </requires>
  </module>
  <module name="sap/m/RatingIndicator.js" size="29588" compressedSize="11264">
    <description>Provides control sap.m.RatingIndicator.</description>
    <requires>
      <module name="jquery.sap.global.js"/>
      <module name="sap/m/library.js"/>
      <module name="sap/ui/core/Control.js"/>
      <module name="sap/ui/core/IconPool.js"/>
      <module name="sap/ui/core/theming/Parameters.js"/>
    </requires>
  </module>
  <module name="sap/m/RatingIndicatorRenderer.js" size="5973" compressedSize="2521">
    <description>! SAP UI development toolkit for HTML5 (SAPUI5/OpenUI5) (c) Copyright 2009-2015 SAP SE or an SAP affiliate company. Licensed under the Apache License, Version 2.0 - see LICENSE.txt.</description>
    <requires>
      <module name="jquery.sap.global.js"/>
      <module name="sap/ui/core/theming/Parameters.js"/>
    </requires>
  </module>
  <module name="sap/m/ResponsivePopover.js" size="19515" compressedSize="8238">
    <description>Provides control sap.m.ResponsivePopover.</description>
    <requires>
      <module name="jquery.sap.global.js"/>
      <module name="sap/m/Dialog.js"/>
      <module name="sap/m/Popover.js"/>
      <module name="sap/m/library.js"/>
      <module name="sap/ui/core/Control.js"/>
      <module name="sap/ui/core/IconPool.js"/>
    </requires>
  </module>
  <module name="sap/m/ResponsivePopoverRenderer.js" size="834" compressedSize="310">
    <description>! SAP UI development toolkit for HTML5 (SAPUI5/OpenUI5) (c) Copyright 2009-2015 SAP SE or an SAP affiliate company. Licensed under the Apache License, Version 2.0 - see LICENSE.txt.</description>
    <requires>
      <module name="jquery.sap.global.js"/>
    </requires>
  </module>
  <module name="sap/m/ScrollContainer.js" size="6480" compressedSize="1860">
    <description>Provides control sap.m.ScrollContainer.</description>
    <requires>
      <module name="jquery.sap.global.js"/>
      <module name="sap/m/library.js"/>
      <module name="sap/ui/core/Control.js"/>
    </requires>
  </module>
  <module name="sap/m/ScrollContainerRenderer.js" size="1881" compressedSize="981">
    <description>! SAP UI development toolkit for HTML5 (SAPUI5/OpenUI5) (c) Copyright 2009-2015 SAP SE or an SAP affiliate company. Licensed under the Apache License, Version 2.0 - see LICENSE.txt.</description>
    <requires>
      <module name="jquery.sap.global.js"/>
    </requires>
  </module>
  <module name="sap/m/SearchField.js" size="13953" compressedSize="5890">
    <description>Provides control sap.m.SearchField.</description>
    <requires>
      <module name="jquery.sap.global.js"/>
      <module name="sap/m/library.js"/>
      <module name="sap/ui/core/Control.js"/>
      <module name="sap/ui/core/EnabledPropagator.js"/>
      <module name="sap/ui/core/IconPool.js"/>
      <module name="sap/ui/core/InvisibleText.js"/>
      <module name="sap/ui/core/theming/Parameters.js"/>
    </requires>
  </module>
  <module name="sap/m/SearchFieldRenderer.js" size="4056" compressedSize="2196">
    <description>! SAP UI development toolkit for HTML5 (SAPUI5/OpenUI5) (c) Copyright 2009-2015 SAP SE or an SAP affiliate company. Licensed under the Apache License, Version 2.0 - see LICENSE.txt.</description>
    <requires>
      <module name="jquery.sap.global.js"/>
    </requires>
  </module>
  <module name="sap/m/SegmentedButton.js" size="24107" compressedSize="10136">
    <description>Provides control sap.m.SegmentedButton.</description>
    <requires>
      <module name="jquery.sap.global.js"/>
      <module name="sap/m/library.js"/>
      <module name="sap/ui/core/Control.js"/>
      <module name="sap/ui/core/EnabledPropagator.js"/>
      <module name="sap/ui/core/delegate/ItemNavigation.js"/>
    </requires>
  </module>
  <module name="sap/m/SegmentedButtonItem.js" size="1715" compressedSize="544">
    <description>Provides control sap.m.SegmentedButtonItem.</description>
    <requires>
      <module name="jquery.sap.global.js"/>
      <module name="sap/m/library.js"/>
      <module name="sap/ui/core/Item.js"/>
    </requires>
  </module>
  <module name="sap/m/SegmentedButtonRenderer.js" size="4076" compressedSize="1945">
    <description>! SAP UI development toolkit for HTML5 (SAPUI5/OpenUI5) (c) Copyright 2009-2015 SAP SE or an SAP affiliate company. Licensed under the Apache License, Version 2.0 - see LICENSE.txt.</description>
    <requires>
      <module name="jquery.sap.global.js"/>
    </requires>
  </module>
  <module name="sap/m/Select.js" size="51554" compressedSize="17057">
    <description>Provides control sap.m.Select.</description>
    <requires>
      <module name="jquery.sap.global.js"/>
      <module name="sap/m/Bar.js"/>
      <module name="sap/m/Dialog.js"/>
      <module name="sap/m/InputBase.js"/>
      <module name="sap/m/Popover.js"/>
      <module name="sap/m/SelectList.js"/>
      <module name="sap/m/SelectRenderer.js"/>
      <module name="sap/m/library.js"/>
      <module name="sap/ui/core/Control.js"/>
      <module name="sap/ui/core/EnabledPropagator.js"/>
      <module name="sap/ui/core/IconPool.js"/>
    </requires>
  </module>
  <module name="sap/m/SelectDialog.js" size="36108" compressedSize="12935">
    <description>Provides control sap.m.SelectDialog.</description>
    <requires>
      <module name="jquery.sap.global.js"/>
      <module name="sap/m/Button.js"/>
      <module name="sap/m/Dialog.js"/>
      <module name="sap/m/List.js"/>
      <module name="sap/m/SearchField.js"/>
      <module name="sap/m/library.js"/>
      <module name="sap/ui/core/Control.js"/>
    </requires>
  </module>
  <module name="sap/m/SelectDialogRenderer.js" size="814" compressedSize="310">
    <description>! SAP UI development toolkit for HTML5 (SAPUI5/OpenUI5) (c) Copyright 2009-2015 SAP SE or an SAP affiliate company. Licensed under the Apache License, Version 2.0 - see LICENSE.txt.</description>
    <requires>
      <module name="jquery.sap.global.js"/>
    </requires>
  </module>
  <module name="sap/m/SelectList.js" size="24783" compressedSize="7526">
    <description>Provides control sap.m.SelectList.</description>
    <requires>
      <module name="jquery.sap.global.js"/>
      <module name="sap/m/SelectListRenderer.js"/>
      <module name="sap/m/library.js"/>
      <module name="sap/ui/core/Control.js"/>
      <module name="sap/ui/core/delegate/ItemNavigation.js"/>
    </requires>
  </module>
  <module name="sap/m/SelectListRenderer.js" size="5057" compressedSize="1785">
    <description>! SAP UI development toolkit for HTML5 (SAPUI5/OpenUI5) (c) Copyright 2009-2015 SAP SE or an SAP affiliate company. Licensed under the Apache License, Version 2.0 - see LICENSE.txt.</description>
    <requires>
      <module name="jquery.sap.global.js"/>
    </requires>
  </module>
  <module name="sap/m/SelectRenderer.js" size="7254" compressedSize="2682">
    <description>! SAP UI development toolkit for HTML5 (SAPUI5/OpenUI5) (c) Copyright 2009-2015 SAP SE or an SAP affiliate company. Licensed under the Apache License, Version 2.0 - see LICENSE.txt.</description>
    <requires>
      <module name="jquery.sap.global.js"/>
      <module name="sap/ui/core/Renderer.js"/>
      <module name="sap/ui/core/ValueStateSupport.js"/>
    </requires>
  </module>
  <module name="sap/m/Shell.js" size="8280" compressedSize="2737">
    <description>Provides control sap.m.Shell.</description>
    <requires>
      <module name="jquery.sap.global.js"/>
      <module name="sap/m/library.js"/>
      <module name="sap/ui/core/Control.js"/>
    </requires>
  </module>
  <module name="sap/m/ShellRenderer.js" size="3939" compressedSize="2524">
    <description>! SAP UI development toolkit for HTML5 (SAPUI5/OpenUI5) (c) Copyright 2009-2015 SAP SE or an SAP affiliate company. Licensed under the Apache License, Version 2.0 - see LICENSE.txt.</description>
    <requires>
      <module name="jquery.sap.global.js"/>
    </requires>
  </module>
  <module name="sap/m/Slider.js" size="25431" compressedSize="8338">
    <description>Provides control sap.m.Slider.</description>
    <requires>
      <module name="jquery.sap.global.js"/>
      <module name="sap/m/SliderRenderer.js"/>
      <module name="sap/m/library.js"/>
      <module name="sap/ui/core/Control.js"/>
      <module name="sap/ui/core/EnabledPropagator.js"/>
    </requires>
  </module>
  <module name="sap/m/SliderRenderer.js" size="3914" compressedSize="2038">
    <description>! SAP UI development toolkit for HTML5 (SAPUI5/OpenUI5) (c) Copyright 2009-2015 SAP SE or an SAP affiliate company. Licensed under the Apache License, Version 2.0 - see LICENSE.txt.</description>
    <requires>
      <module name="jquery.sap.global.js"/>
    </requires>
  </module>
  <module name="sap/m/SplitApp.js" size="5396" compressedSize="1551">
    <description>Provides control sap.m.SplitApp.</description>
    <requires>
      <module name="jquery.sap.global.js"/>
      <module name="sap/m/SplitContainer.js"/>
      <module name="sap/m/library.js"/>
    </requires>
  </module>
  <module name="sap/m/SplitAppRenderer.js" size="1000" compressedSize="675">
    <description>! SAP UI development toolkit for HTML5 (SAPUI5/OpenUI5) (c) Copyright 2009-2015 SAP SE or an SAP affiliate company. Licensed under the Apache License, Version 2.0 - see LICENSE.txt.</description>
    <requires>
      <module name="jquery.sap.global.js"/>
      <module name="sap/m/SplitContainerRenderer.js"/>
      <module name="sap/ui/core/Renderer.js"/>
    </requires>
  </module>
  <module name="sap/m/SplitContainer.js" size="81469" compressedSize="26652">
    <description>Provides control sap.m.SplitContainer.</description>
    <requires>
      <module name="jquery.sap.global.js"/>
      <module name="sap/m/library.js"/>
      <module name="sap/ui/core/Control.js"/>
      <module name="sap/ui/core/IconPool.js"/>
      <module name="sap/ui/core/theming/Parameters.js"/>
    </requires>
  </module>
  <module name="sap/m/SplitContainerRenderer.js" size="2743" compressedSize="1588">
    <description>! SAP UI development toolkit for HTML5 (SAPUI5/OpenUI5) (c) Copyright 2009-2015 SAP SE or an SAP affiliate company. Licensed under the Apache License, Version 2.0 - see LICENSE.txt.</description>
    <requires>
      <module name="jquery.sap.global.js"/>
    </requires>
  </module>
  <module name="sap/m/StandardListItem.js" size="5312" compressedSize="2200">
    <description>Provides control sap.m.StandardListItem.</description>
    <requires>
      <module name="jquery.sap.global.js"/>
      <module name="sap/m/ListItemBase.js"/>
      <module name="sap/m/library.js"/>
      <module name="sap/ui/core/EnabledPropagator.js"/>
      <module name="sap/ui/core/IconPool.js"/>
    </requires>
  </module>
  <module name="sap/m/StandardListItemRenderer.js" size="5364" compressedSize="3418">
    <description>! SAP UI development toolkit for HTML5 (SAPUI5/OpenUI5) (c) Copyright 2009-2015 SAP SE or an SAP affiliate company. Licensed under the Apache License, Version 2.0 - see LICENSE.txt.</description>
    <requires>
      <module name="jquery.sap.global.js"/>
      <module name="sap/m/ListItemBaseRenderer.js"/>
      <module name="sap/ui/core/Renderer.js"/>
    </requires>
  </module>
  <module name="sap/m/StandardTile.js" size="3752" compressedSize="1691">
    <description>Provides control sap.m.StandardTile.</description>
    <requires>
      <module name="jquery.sap.global.js"/>
      <module name="sap/m/Tile.js"/>
      <module name="sap/m/library.js"/>
      <module name="sap/ui/core/IconPool.js"/>
    </requires>
  </module>
  <module name="sap/m/StandardTileRenderer.js" size="3998" compressedSize="2418">
    <description>! SAP UI development toolkit for HTML5 (SAPUI5/OpenUI5) (c) Copyright 2009-2015 SAP SE or an SAP affiliate company. Licensed under the Apache License, Version 2.0 - see LICENSE.txt.</description>
    <requires>
      <module name="jquery.sap.global.js"/>
      <module name="sap/m/TileRenderer.js"/>
      <module name="sap/ui/core/ValueStateSupport.js"/>
    </requires>
  </module>
  <module name="sap/m/Support.js" size="12290" compressedSize="6151">
    <description>! SAP UI development toolkit for HTML5 (SAPUI5/OpenUI5) (c) Copyright 2009-2015 SAP SE or an SAP affiliate company. Licensed under the Apache License, Version 2.0 - see LICENSE.txt.</description>
    <requires>
      <module name="jquery.sap.global.js"/>
    </requires>
  </module>
  <module name="sap/m/Switch.js" size="13965" compressedSize="5000">
    <description>Provides control sap.m.Switch.</description>
    <requires>
      <module name="jquery.sap.global.js"/>
      <module name="sap/m/SwitchRenderer.js"/>
      <module name="sap/m/library.js"/>
      <module name="sap/ui/core/Control.js"/>
      <module name="sap/ui/core/EnabledPropagator.js"/>
      <module name="sap/ui/core/IconPool.js"/>
      <module name="sap/ui/core/theming/Parameters.js"/>
    </requires>
  </module>
  <module name="sap/m/SwitchRenderer.js" size="6489" compressedSize="3242">
    <description>! SAP UI development toolkit for HTML5 (SAPUI5/OpenUI5) (c) Copyright 2009-2015 SAP SE or an SAP affiliate company. Licensed under the Apache License, Version 2.0 - see LICENSE.txt.</description>
    <requires>
      <module name="jquery.sap.global.js"/>
    </requires>
  </module>
  <module name="sap/m/Table.js" size="17809" compressedSize="7932">
    <description>Provides control sap.m.Table.</description>
    <requires>
      <module name="jquery.sap.global.js"/>
      <module name="sap/m/ListBase.js"/>
      <module name="sap/m/library.js"/>
    </requires>
  </module>
  <module name="sap/m/TablePersoController.js" size="21351" compressedSize="8125">
    <description>Provides TablePersoController</description>
    <requires>
      <module name="jquery.sap.global.js"/>
      <module name="sap/m/TablePersoDialog.js"/>
      <module name="sap/ui/base/ManagedObject.js"/>
    </requires>
  </module>
  <module name="sap/m/TablePersoDialog.js" size="21415" compressedSize="10477">
    <description>Provides TablePersoDialog</description>
    <requires>
      <module name="jquery.sap.global.js"/>
      <module name="sap/m/Button.js"/>
      <module name="sap/m/Dialog.js"/>
      <module name="sap/m/InputListItem.js"/>
      <module name="sap/m/List.js"/>
      <module name="sap/m/Toolbar.js"/>
      <module name="sap/ui/base/ManagedObject.js"/>
    </requires>
  </module>
  <module name="sap/m/TablePersoProvider.js" size="4322" compressedSize="1123">
    <description>Provides TablePersoProvider</description>
    <requires>
      <module name="jquery.sap.global.js"/>
      <module name="sap/ui/base/ManagedObject.js"/>
    </requires>
  </module>
  <module name="sap/m/TableRenderer.js" size="6532" compressedSize="3668">
    <description>! SAP UI development toolkit for HTML5 (SAPUI5/OpenUI5) (c) Copyright 2009-2015 SAP SE or an SAP affiliate company. Licensed under the Apache License, Version 2.0 - see LICENSE.txt.</description>
    <requires>
      <module name="jquery.sap.global.js"/>
      <module name="sap/ui/core/Renderer.js"/>
      <module name="sap/m/ListBaseRenderer.js"/>
    </requires>
  </module>
  <module name="sap/m/TableSelectDialog.js" size="34457" compressedSize="12885">
    <description>Provides control sap.m.TableSelectDialog.</description>
    <requires>
      <module name="jquery.sap.global.js"/>
      <module name="sap/m/Button.js"/>
      <module name="sap/m/Dialog.js"/>
      <module name="sap/m/SearchField.js"/>
      <module name="sap/m/Table.js"/>
      <module name="sap/m/library.js"/>
      <module name="sap/ui/core/Control.js"/>
    </requires>
  </module>
  <module name="sap/m/TableSelectDialogRenderer.js" size="829" compressedSize="310">
    <description>! SAP UI development toolkit for HTML5 (SAPUI5/OpenUI5) (c) Copyright 2009-2015 SAP SE or an SAP affiliate company. Licensed under the Apache License, Version 2.0 - see LICENSE.txt.</description>
    <requires>
      <module name="jquery.sap.global.js"/>
    </requires>
  </module>
  <module name="sap/m/Text.js" size="11017" compressedSize="3342">
    <description>Provides control sap.m.Text.</description>
    <requires>
      <module name="jquery.sap.global.js"/>
      <module name="sap/m/library.js"/>
      <module name="sap/ui/core/Control.js"/>
    </requires>
  </module>
  <module name="sap/m/TextArea.js" size="6375" compressedSize="2461">
    <description>Provides control sap.m.TextArea.</description>
    <requires>
      <module name="jquery.sap.global.js"/>
      <module name="sap/m/InputBase.js"/>
      <module name="sap/m/library.js"/>
    </requires>
  </module>
  <module name="sap/m/TextAreaRenderer.js" size="2262" compressedSize="1116">
    <description>! SAP UI development toolkit for HTML5 (SAPUI5/OpenUI5) (c) Copyright 2009-2015 SAP SE or an SAP affiliate company. Licensed under the Apache License, Version 2.0 - see LICENSE.txt.</description>
    <requires>
      <module name="jquery.sap.global.js"/>
      <module name="sap/ui/core/Renderer.js"/>
      <module name="sap/m/InputBaseRenderer.js"/>
    </requires>
  </module>
  <module name="sap/m/TextRenderer.js" size="3365" compressedSize="1453">
    <description>Provides default renderer for control sap.m.Text</description>
    <requires>
      <module name="jquery.sap.global.js"/>
      <module name="sap/ui/core/Renderer.js"/>
    </requires>
  </module>
  <module name="sap/m/Tile.js" size="7739" compressedSize="3166">
    <description>Provides control sap.m.Tile.</description>
    <requires>
      <module name="jquery.sap.global.js"/>
      <module name="sap/m/library.js"/>
      <module name="sap/ui/core/Control.js"/>
    </requires>
  </module>
  <module name="sap/m/TileContainer.js" size="50616" compressedSize="26061">
    <description>Provides control sap.m.TileContainer.</description>
    <requires>
      <module name="jquery.sap.global.js"/>
      <module name="sap/m/library.js"/>
      <module name="sap/ui/core/Control.js"/>
      <module name="sap/ui/core/IconPool.js"/>
    </requires>
  </module>
  <module name="sap/m/TileContainerRenderer.js" size="2416" compressedSize="1598">
    <description>! SAP UI development toolkit for HTML5 (SAPUI5/OpenUI5) (c) Copyright 2009-2015 SAP SE or an SAP affiliate company. Licensed under the Apache License, Version 2.0 - see LICENSE.txt.</description>
    <requires>
      <module name="jquery.sap.global.js"/>
    </requires>
  </module>
  <module name="sap/m/TileRenderer.js" size="1927" compressedSize="1058">
    <description>Provides default renderer for control sap.m.Text</description>
    <requires>
      <module name="jquery.sap.global.js"/>
      <module name="sap/ui/core/Renderer.js"/>
    </requires>
  </module>
  <module name="sap/m/Title.js" size="3848" compressedSize="1758">
    <description>Provides control sap.m.Title.</description>
    <requires>
      <module name="jquery.sap.global.js"/>
      <module name="sap/ui/core/Control.js"/>
      <module name="sap/ui/Device.js"/>
      <module name="sap/m/library.js"/>
    </requires>
  </module>
  <module name="sap/m/TitleRenderer.js" size="2158" compressedSize="1165">
    <description>Provides default renderer for control sap.m.Title</description>
    <requires>
      <module name="jquery.sap.global.js"/>
      <module name="sap/ui/Device.js"/>
    </requires>
  </module>
  <module name="sap/m/ToggleButton.js" size="2438" compressedSize="956">
    <description>Provides control sap.m.ToggleButton.</description>
    <requires>
      <module name="jquery.sap.global.js"/>
      <module name="sap/m/Button.js"/>
      <module name="sap/m/library.js"/>
      <module name="sap/ui/core/EnabledPropagator.js"/>
    </requires>
  </module>
  <module name="sap/m/ToggleButtonRenderer.js" size="1563" compressedSize="514">
    <description>Provides default renderer for control sap.ui.commons.Togglebutton</description>
    <requires>
      <module name="jquery.sap.global.js"/>
      <module name="sap/m/ButtonRenderer.js"/>
      <module name="sap/ui/core/Renderer.js"/>
    </requires>
  </module>
  <module name="sap/m/Token.js" size="7067" compressedSize="2987">
    <description>Provides control sap.m.Token.</description>
    <requires>
      <module name="jquery.sap.global.js"/>
      <module name="sap/m/library.js"/>
      <module name="sap/ui/core/Control.js"/>
    </requires>
  </module>
  <module name="sap/m/TokenRenderer.js" size="2088" compressedSize="872">
    <description>! SAP UI development toolkit for HTML5 (SAPUI5/OpenUI5) (c) Copyright 2009-2015 SAP SE or an SAP affiliate company. Licensed under the Apache License, Version 2.0 - see LICENSE.txt.</description>
    <requires>
      <module name="jquery.sap.global.js"/>
    </requires>
  </module>
  <module name="sap/m/Tokenizer.js" size="24322" compressedSize="9611">
    <description>Provides control sap.m.Tokenizer.</description>
    <requires>
      <module name="jquery.sap.global.js"/>
      <module name="sap/m/library.js"/>
      <module name="sap/ui/core/Control.js"/>
      <module name="sap/ui/core/delegate/ScrollEnablement.js"/>
    </requires>
  </module>
  <module name="sap/m/TokenizerRenderer.js" size="1818" compressedSize="711">
    <description>! SAP UI development toolkit for HTML5 (SAPUI5/OpenUI5) (c) Copyright 2009-2015 SAP SE or an SAP affiliate company. Licensed under the Apache License, Version 2.0 - see LICENSE.txt.</description>
    <requires>
      <module name="jquery.sap.global.js"/>
    </requires>
  </module>
  <module name="sap/m/Toolbar.js" size="22011" compressedSize="8260">
    <description>Provides control sap.m.Toolbar.</description>
    <requires>
      <module name="jquery.sap.global.js"/>
      <module name="sap/m/BarInPageEnabler.js"/>
      <module name="sap/m/ToolbarLayoutData.js"/>
      <module name="sap/m/ToolbarSpacer.js"/>
      <module name="sap/m/library.js"/>
      <module name="sap/ui/core/Control.js"/>
      <module name="sap/ui/core/EnabledPropagator.js"/>
      <module name="sap/ui/core/ResizeHandler.js"/>
    </requires>
  </module>
  <module name="sap/m/ToolbarLayoutData.js" size="2601" compressedSize="888">
    <description>Provides control sap.m.ToolbarLayoutData.</description>
    <requires>
      <module name="jquery.sap.global.js"/>
      <module name="sap/m/library.js"/>
      <module name="sap/ui/core/LayoutData.js"/>
    </requires>
  </module>
  <module name="sap/m/ToolbarRenderer.js" size="2497" compressedSize="1164">
    <description>! SAP UI development toolkit for HTML5 (SAPUI5/OpenUI5) (c) Copyright 2009-2015 SAP SE or an SAP affiliate company. Licensed under the Apache License, Version 2.0 - see LICENSE.txt.</description>
    <requires>
      <module name="jquery.sap.global.js"/>
      <module name="sap/m/BarInPageEnabler.js"/>
    </requires>
  </module>
  <module name="sap/m/ToolbarSeparator.js" size="1201" compressedSize="384">
    <description>Provides control sap.m.ToolbarSeparator.</description>
    <requires>
      <module name="jquery.sap.global.js"/>
      <module name="sap/m/library.js"/>
      <module name="sap/ui/core/Control.js"/>
    </requires>
  </module>
  <module name="sap/m/ToolbarSeparatorRenderer.js" size="735" compressedSize="487">
    <description>! SAP UI development toolkit for HTML5 (SAPUI5/OpenUI5) (c) Copyright 2009-2015 SAP SE or an SAP affiliate company. Licensed under the Apache License, Version 2.0 - see LICENSE.txt.</description>
    <requires>
      <module name="jquery.sap.global.js"/>
      <module name="sap/ui/core/Renderer.js"/>
    </requires>
  </module>
  <module name="sap/m/ToolbarSpacer.js" size="1669" compressedSize="495">
    <description>Provides control sap.m.ToolbarSpacer.</description>
    <requires>
      <module name="jquery.sap.global.js"/>
      <module name="sap/m/library.js"/>
      <module name="sap/ui/core/Control.js"/>
    </requires>
  </module>
  <module name="sap/m/ToolbarSpacerRenderer.js" size="812" compressedSize="548">
    <description>! SAP UI development toolkit for HTML5 (SAPUI5/OpenUI5) (c) Copyright 2009-2015 SAP SE or an SAP affiliate company. Licensed under the Apache License, Version 2.0 - see LICENSE.txt.</description>
    <requires>
      <module name="jquery.sap.global.js"/>
      <module name="sap/ui/core/Renderer.js"/>
    </requires>
  </module>
  <module name="sap/m/UploadCollection.js" size="67109" compressedSize="28535">
    <description>Provides control sap.m.UploadCollection.</description>
    <requires>
      <module name="jquery.sap.global.js"/>
      <module name="sap/m/MessageBox.js"/>
      <module name="sap/m/MessageToast.js"/>
      <module name="sap/m/library.js"/>
      <module name="sap/ui/core/Control.js"/>
      <module name="sap/ui/unified/library.js"/>
    </requires>
  </module>
  <module name="sap/m/UploadCollectionItem.js" size="3844" compressedSize="1114">
    <description>Provides control sap.m.UploadCollectionItem.</description>
    <requires>
      <module name="jquery.sap.global.js"/>
      <module name="sap/m/library.js"/>
      <module name="sap/ui/core/Element.js"/>
    </requires>
  </module>
  <module name="sap/m/UploadCollectionParameter.js" size="1489" compressedSize="511">
    <description>Provides control sap.m.UploadCollectionParameter.</description>
    <requires>
      <module name="jquery.sap.global.js"/>
      <module name="sap/m/library.js"/>
      <module name="sap/ui/core/Element.js"/>
    </requires>
  </module>
  <module name="sap/m/UploadCollectionRenderer.js" size="1050" compressedSize="441">
    <description>! SAP UI development toolkit for HTML5 (SAPUI5/OpenUI5) (c) Copyright 2009-2015 SAP SE or an SAP affiliate company. Licensed under the Apache License, Version 2.0 - see LICENSE.txt.</description>
    <requires>
      <module name="jquery.sap.global.js"/>
    </requires>
  </module>
  <module name="sap/m/VBox.js" size="1203" compressedSize="362">
    <description>Provides control sap.m.VBox.</description>
    <requires>
      <module name="jquery.sap.global.js"/>
      <module name="sap/m/FlexBox.js"/>
      <module name="sap/m/library.js"/>
    </requires>
  </module>
  <module name="sap/m/VBoxRenderer.js" size="878" compressedSize="359">
    <description>! SAP UI development toolkit for HTML5 (SAPUI5/OpenUI5) (c) Copyright 2009-2015 SAP SE or an SAP affiliate company. Licensed under the Apache License, Version 2.0 - see LICENSE.txt.</description>
    <requires>
      <module name="jquery.sap.global.js"/>
      <module name="sap/m/FlexBoxRenderer.js"/>
    </requires>
  </module>
  <module name="sap/m/ViewSettingsCustomItem.js" size="3695" compressedSize="966">
    <description>Provides control sap.m.ViewSettingsCustomItem.</description>
    <requires>
      <module name="jquery.sap.global.js"/>
      <module name="sap/m/ViewSettingsItem.js"/>
      <module name="sap/m/library.js"/>
    </requires>
  </module>
  <module name="sap/m/ViewSettingsDialog.js" size="56501" compressedSize="26531">
    <description>Provides control sap.m.ViewSettingsDialog.</description>
    <requires>
      <module name="jquery.sap.global.js"/>
      <module name="sap/m/library.js"/>
      <module name="sap/ui/core/Control.js"/>
      <module name="sap/ui/core/IconPool.js"/>
    </requires>
  </module>
  <module name="sap/m/ViewSettingsDialogRenderer.js" size="846" compressedSize="310">
    <description>! SAP UI development toolkit for HTML5 (SAPUI5/OpenUI5) (c) Copyright 2009-2015 SAP SE or an SAP affiliate company. Licensed under the Apache License, Version 2.0 - see LICENSE.txt.</description>
    <requires>
      <module name="jquery.sap.global.js"/>
    </requires>
  </module>
  <module name="sap/m/ViewSettingsFilterItem.js" size="1858" compressedSize="553">
    <description>Provides control sap.m.ViewSettingsFilterItem.</description>
    <requires>
      <module name="jquery.sap.global.js"/>
      <module name="sap/m/ViewSettingsItem.js"/>
      <module name="sap/m/library.js"/>
    </requires>
  </module>
  <module name="sap/m/ViewSettingsItem.js" size="1556" compressedSize="456">
    <description>Provides control sap.m.ViewSettingsItem.</description>
    <requires>
      <module name="jquery.sap.global.js"/>
      <module name="sap/m/library.js"/>
      <module name="sap/ui/core/Item.js"/>
    </requires>
  </module>
  <module name="sap/m/ios7.js" size="6800" compressedSize="3433">
    <description>declare unusual global vars for JSLint/SAPUI5 validation</description>
    <requires>
      <module name="jquery.sap.global.js"/>
    </requires>
  </module>
  <module name="sap/m/library.js" size="67698" compressedSize="18078">
    <description>Initialization Code and shared classes of library sap.m.</description>
    <requires>
      <module name="jquery.sap.global.js"/>
      <module name="sap/ui/Device.js"/>
      <module name="sap/ui/core/library.js"/>
      <module name="jquery.sap.mobile.js"/>
      <module name="sap/m/Support.js"/>
    </requires>
  </module>
  <module name="sap/m/messagebundle.properties" size="19329">
  </module>
  <module name="sap/m/messagebundle_ar.properties" size="27823">
  </module>
  <module name="sap/m/messagebundle_bg.properties" size="31547">
  </module>
  <module name="sap/m/messagebundle_ca.properties" size="19879">
  </module>
  <module name="sap/m/messagebundle_cs.properties" size="20477">
  </module>
  <module name="sap/m/messagebundle_da.properties" size="19351">
  </module>
  <module name="sap/m/messagebundle_de.properties" size="19795">
  </module>
  <module name="sap/m/messagebundle_el.properties" size="30585">
  </module>
  <module name="sap/m/messagebundle_en.properties" size="19124">
  </module>
  <module name="sap/m/messagebundle_en_US_sappsd.properties" size="36016">
  </module>
  <module name="sap/m/messagebundle_en_US_saptrc.properties" size="23655">
  </module>
  <module name="sap/m/messagebundle_es.properties" size="19735">
  </module>
  <module name="sap/m/messagebundle_et.properties" size="19871">
  </module>
  <module name="sap/m/messagebundle_fi.properties" size="20174">
  </module>
  <module name="sap/m/messagebundle_fr.properties" size="20188">
  </module>
  <module name="sap/m/messagebundle_hi.properties" size="29932">
  </module>
  <module name="sap/m/messagebundle_hr.properties" size="19777">
  </module>
  <module name="sap/m/messagebundle_hu.properties" size="21186">
  </module>
  <module name="sap/m/messagebundle_it.properties" size="19697">
  </module>
  <module name="sap/m/messagebundle_iw.properties" size="26136">
  </module>
  <module name="sap/m/messagebundle_ja.properties" size="22780">
  </module>
  <module name="sap/m/messagebundle_ko.properties" size="21854">
  </module>
  <module name="sap/m/messagebundle_lt.properties" size="20607">
  </module>
  <module name="sap/m/messagebundle_lv.properties" size="20894">
  </module>
  <module name="sap/m/messagebundle_nl.properties" size="19523">
  </module>
  <module name="sap/m/messagebundle_no.properties" size="19322">
  </module>
  <module name="sap/m/messagebundle_pl.properties" size="20504">
  </module>
  <module name="sap/m/messagebundle_pt.properties" size="19744">
  </module>
  <module name="sap/m/messagebundle_ro.properties" size="20243">
  </module>
  <module name="sap/m/messagebundle_ru.properties" size="30809">
  </module>
  <module name="sap/m/messagebundle_sh.properties" size="19823">
  </module>
  <module name="sap/m/messagebundle_sk.properties" size="20553">
  </module>
  <module name="sap/m/messagebundle_sl.properties" size="19690">
  </module>
  <module name="sap/m/messagebundle_sv.properties" size="19633">
  </module>
  <module name="sap/m/messagebundle_th.properties" size="30142">
  </module>
  <module name="sap/m/messagebundle_tr.properties" size="20886">
  </module>
  <module name="sap/m/messagebundle_uk.properties" size="30873">
  </module>
  <module name="sap/m/messagebundle_vi.properties" size="23440">
  </module>
  <module name="sap/m/messagebundle_zh_CN.properties" size="20953">
  </module>
  <module name="sap/m/messagebundle_zh_TW.properties" size="20922">
  </module>
  <module name="sap/m/routing/RouteMatchedHandler.js" size="8063" compressedSize="2381">
    <description>! SAP UI development toolkit for HTML5 (SAPUI5/OpenUI5) (c) Copyright 2009-2015 SAP SE or an SAP affiliate company. Licensed under the Apache License, Version 2.0 - see LICENSE.txt.</description>
    <requires>
      <module name="jquery.sap.global.js"/>
      <module name="sap/m/InstanceManager.js"/>
      <module name="sap/m/NavContainer.js"/>
      <module name="sap/m/SplitContainer.js"/>
      <module name="sap/ui/base/Object.js"/>
      <module name="sap/ui/core/routing/History.js"/>
      <module name="sap/ui/core/routing/Router.js"/>
      <module name="sap/m/routing/TargetHandler.js"/>
    </requires>
  </module>
  <module name="sap/m/routing/Router.js" size="8105" compressedSize="1485">
    <description>! SAP UI development toolkit for HTML5 (SAPUI5/OpenUI5) (c) Copyright 2009-2015 SAP SE or an SAP affiliate company. Licensed under the Apache License, Version 2.0 - see LICENSE.txt.</description>
    <requires>
      <module name="sap/ui/core/routing/Router.js"/>
      <module name="sap/m/routing/TargetHandler.js"/>
      <module name="sap/m/routing/Targets.js"/>
      <module name="jquery.sap.global.js"/>
    </requires>
  </module>
  <module name="sap/m/routing/Target.js" size="1889" compressedSize="808">
    <description>! SAP UI development toolkit for HTML5 (SAPUI5/OpenUI5) (c) Copyright 2009-2015 SAP SE or an SAP affiliate company. Licensed under the Apache License, Version 2.0 - see LICENSE.txt.</description>
    <requires>
      <module name="sap/ui/core/routing/Target.js"/>
      <module name="jquery.sap.global.js"/>
    </requires>
  </module>
  <module name="sap/m/routing/TargetHandler.js" size="9175" compressedSize="2897">
    <description>! SAP UI development toolkit for HTML5 (SAPUI5/OpenUI5) (c) Copyright 2009-2015 SAP SE or an SAP affiliate company. Licensed under the Apache License, Version 2.0 - see LICENSE.txt.</description>
    <requires>
      <module name="jquery.sap.global.js"/>
      <module name="sap/m/InstanceManager.js"/>
      <module name="sap/m/NavContainer.js"/>
      <module name="sap/m/SplitContainer.js"/>
      <module name="sap/ui/base/Object.js"/>
      <module name="sap/ui/core/routing/History.js"/>
      <module name="sap/ui/core/routing/Router.js"/>
    </requires>
  </module>
  <module name="sap/m/routing/Targets.js" size="16947" compressedSize="1313">
    <description>! SAP UI development toolkit for HTML5 (SAPUI5/OpenUI5) (c) Copyright 2009-2015 SAP SE or an SAP affiliate company. Licensed under the Apache License, Version 2.0 - see LICENSE.txt.</description>
    <requires>
      <module name="sap/ui/core/routing/Targets.js"/>
      <module name="sap/m/routing/TargetHandler.js"/>
      <module name="sap/m/routing/Target.js"/>
      <module name="jquery.sap.global.js"/>
    </requires>
  </module>
</library>
